dist_m,n,eta_true_mean_s,E3_cov_pct,E3_breach_early_pct,E3_breach_late_pct,E3_width_s,E3x_cov_pct,E3x_breach_early_pct,E3x_breach_late_pct,E3x_width_s,scenario,warm_mult,warm_scale_m
30.0,477,19.9,63.9,36.1,0.0,19.5,96.4,3.6,0.0,32.4,S2a_10,0.5,3.0
60.0,477,39.1,77.4,22.4,0.2,38.0,95.4,4.6,0.0,57.1,S2a_10,0.5,3.0
100.0,477,66.8,89.5,10.5,0.0,62.7,97.7,2.3,0.0,90.2,S2a_10,0.5,3.0
30.0,485,19.9,98.6,1.4,0.0,19.0,100.0,0.0,0.0,31.9,S2a_10,0.7,4.2
60.0,485,39.2,99.4,0.6,0.0,37.4,100.0,0.0,0.0,56.5,S2a_10,0.7,4.2
100.0,485,66.7,100.0,0.0,0.0,62.0,100.0,0.0,0.0,89.5,S2a_10,0.7,4.2
30.0,478,19.9,99.6,0.4,0.0,18.5,100.0,0.0,0.0,31.4,S2a_10,0.8,4.8
60.0,478,39.2,100.0,0.0,0.0,36.7,100.0,0.0,0.0,55.8,S2a_10,0.8,4.8
100.0,478,66.7,100.0,0.0,0.0,60.9,100.0,0.0,0.0,88.4,S2a_10,0.8,4.8
30.0,476,20.0,94.1,0.0,5.9,18.5,100.0,0.0,0.0,31.3,S2a_10,1.0,6.0
60.0,476,39.2,94.5,0.0,5.5,36.9,100.0,0.0,0.0,56.1,S2a_10,1.0,6.0
100.0,476,66.6,91.4,0.0,8.6,61.6,100.0,0.0,0.0,89.1,S2a_10,1.0,6.0
30.0,475,20.0,78.9,0.0,21.1,18.7,100.0,0.0,0.0,31.6,S2a_10,1.2,7.2
60.0,475,39.2,78.7,0.0,21.3,38.0,100.0,0.0,0.0,57.1,S2a_10,1.2,7.2
100.0,475,66.6,78.5,0.0,21.5,63.7,100.0,0.0,0.0,91.2,S2a_10,1.2,7.2
30.0,453,20.0,81.2,0.0,18.8,19.3,100.0,0.0,0.0,32.1,S2a_10,1.3,7.8
60.0,453,39.2,81.2,0.0,18.8,39.4,100.0,0.0,0.0,58.6,S2a_10,1.3,7.8
100.0,453,66.6,81.2,0.0,18.8,66.4,100.0,0.0,0.0,93.9,S2a_10,1.3,7.8
30.0,383,20.0,91.1,0.0,8.9,20.9,100.0,0.0,0.0,33.8,S2a_10,1.5,9.0
60.0,383,39.3,93.7,0.0,6.3,43.8,100.0,0.0,0.0,62.9,S2a_10,1.5,9.0
100.0,383,66.7,91.9,0.0,8.1,74.4,100.0,0.0,0.0,101.9,S2a_10,1.5,9.0
30.0,511,19.3,85.3,12.9,1.8,22.3,93.7,6.1,0.2,35.2,S2a_20,0.5,3.0
60.0,511,37.2,90.0,9.0,1.0,43.1,94.7,5.3,0.0,62.3,S2a_20,0.5,3.0
100.0,511,60.0,87.1,11.9,1.0,70.8,92.2,7.8,0.0,98.3,S2a_20,0.5,3.0
30.0,503,19.4,94.6,3.0,2.4,20.1,98.8,1.2,0.0,33.0,S2a_20,0.7,4.2
60.0,503,37.4,95.2,3.0,1.8,39.5,97.8,2.2,0.0,58.6,S2a_20,0.7,4.2
100.0,503,60.1,92.0,6.8,1.2,65.3,95.6,4.4,0.0,92.8,S2a_20,0.7,4.2
30.0,505,19.5,95.0,1.6,3.4,19.8,98.8,1.2,0.0,32.7,S2a_20,0.8,4.8
60.0,505,37.5,95.4,1.8,2.8,39.1,98.8,1.2,0.0,58.3,S2a_20,0.8,4.8
100.0,505,60.4,94.5,4.6,1.0,64.8,97.0,3.0,0.0,92.3,S2a_20,0.8,4.8
30.0,494,19.6,85.0,1.0,14.0,18.8,99.6,0.2,0.2,31.7,S2a_20,1.0,6.0
60.0,494,37.8,87.4,0.8,11.7,37.4,99.4,0.6,0.0,56.6,S2a_20,1.0,6.0
100.0,494,60.7,89.1,2.0,8.9,62.2,99.0,1.0,0.0,89.7,S2a_20,1.0,6.0
30.0,495,19.7,73.7,0.0,26.3,18.5,100.0,0.0,0.0,31.4,S2a_20,1.2,7.2
60.0,495,38.0,75.8,0.0,24.2,37.4,100.0,0.0,0.0,56.5,S2a_20,1.2,7.2
100.0,495,61.0,80.6,0.6,18.8,62.4,99.8,0.0,0.2,89.9,S2a_20,1.2,7.2
30.0,464,19.7,72.0,0.0,28.0,18.8,99.6,0.0,0.4,31.7,S2a_20,1.3,7.8
60.0,465,38.2,71.0,0.0,29.0,38.1,99.4,0.0,0.6,57.3,S2a_20,1.3,7.8
100.0,463,61.2,75.8,0.0,24.2,63.6,97.8,0.0,2.2,91.1,S2a_20,1.3,7.8
30.0,393,19.7,73.0,0.0,27.0,19.4,100.0,0.0,0.0,32.3,S2a_20,1.5,9.0
60.0,394,38.1,81.7,0.0,18.3,40.4,99.7,0.0,0.3,59.5,S2a_20,1.5,9.0
100.0,394,61.4,86.3,0.0,13.7,68.1,98.7,0.0,1.3,95.6,S2a_20,1.5,9.0
30.0,436,20.8,82.1,17.9,0.0,24.0,91.5,8.5,0.0,36.9,S2b_40,0.5,3.0
60.0,436,41.5,89.0,11.0,0.0,46.8,91.3,8.7,0.0,66.0,S2b_40,0.5,3.0
100.0,436,67.0,93.1,6.9,0.0,77.3,94.5,5.5,0.0,104.8,S2b_40,0.5,3.0
30.0,432,20.6,88.4,11.6,0.0,23.2,93.5,6.5,0.0,36.1,S2b_40,0.7,4.2
60.0,432,41.2,92.8,7.2,0.0,45.9,94.0,6.0,0.0,65.1,S2b_40,0.7,4.2
100.0,432,66.9,95.6,4.4,0.0,76.2,97.9,2.1,0.0,103.7,S2b_40,0.7,4.2
30.0,426,20.5,88.5,10.3,1.2,22.8,95.3,4.7,0.0,35.7,S2b_40,0.8,4.8
60.0,426,41.2,94.4,5.2,0.5,45.3,96.0,4.0,0.0,64.5,S2b_40,0.8,4.8
100.0,426,67.0,97.2,2.8,0.0,75.4,97.9,2.1,0.0,102.9,S2b_40,0.8,4.8
30.0,434,20.2,88.9,5.1,6.0,21.8,98.2,1.8,0.0,34.7,S2b_40,1.0,6.0
60.0,434,40.8,86.9,4.6,8.5,44.0,97.0,3.0,0.0,63.2,S2b_40,1.0,6.0
100.0,434,66.7,93.1,1.4,5.5,73.7,98.6,1.4,0.0,101.2,S2b_40,1.0,6.0
30.0,432,20.1,85.4,1.2,13.4,21.3,99.3,0.0,0.7,34.2,S2b_40,1.2,7.2
60.0,432,40.7,84.7,0.0,15.3,43.7,99.5,0.0,0.5,62.8,S2b_40,1.2,7.2
100.0,432,66.8,82.9,0.0,17.1,73.6,100.0,0.0,0.0,101.1,S2b_40,1.2,7.2
30.0,442,20.1,77.6,0.0,22.4,21.1,99.1,0.0,0.9,34.0,S2b_40,1.3,7.8
60.0,442,40.7,75.8,0.0,24.2,43.5,98.6,0.0,1.4,62.6,S2b_40,1.3,7.8
100.0,442,66.7,76.2,0.0,23.8,73.5,100.0,0.0,0.0,101.0,S2b_40,1.3,7.8
30.0,339,20.1,87.3,0.0,12.7,21.8,100.0,0.0,0.0,34.6,S2b_40,1.5,9.0
60.0,339,40.7,90.9,0.0,9.1,45.8,100.0,0.0,0.0,65.0,S2b_40,1.5,9.0
100.0,339,66.8,92.6,0.0,7.4,78.1,100.0,0.0,0.0,105.6,S2b_40,1.5,9.0
30.0,470,20.0,0.0,100.0,0.0,13.4,94.7,5.3,0.0,26.2,S4_40,0.5,3.0
60.0,470,40.0,0.0,100.0,0.0,26.2,97.7,2.3,0.0,45.3,S4_40,0.5,3.0
100.0,470,66.7,0.6,99.4,0.0,43.2,97.7,2.3,0.0,70.7,S4_40,0.5,3.0
30.0,468,20.0,98.1,1.5,0.4,15.9,99.6,0.4,0.0,28.8,S4_40,0.7,4.2
60.0,468,40.0,99.1,0.4,0.4,31.2,99.6,0.4,0.0,50.3,S4_40,0.7,4.2
100.0,468,66.7,99.1,0.4,0.4,51.6,99.6,0.4,0.0,79.0,S4_40,0.7,4.2
30.0,464,20.0,99.6,0.0,0.4,17.0,100.0,0.0,0.0,29.8,S4_40,0.8,4.8
60.0,464,40.0,99.4,0.0,0.6,33.4,100.0,0.0,0.0,52.6,S4_40,0.8,4.8
100.0,464,66.7,98.9,0.0,1.1,55.4,100.0,0.0,0.0,82.9,S4_40,0.8,4.8
30.0,453,20.0,98.9,0.0,1.1,18.4,100.0,0.0,0.0,31.3,S4_40,1.0,6.0
60.0,453,40.0,98.5,0.0,1.5,36.8,100.0,0.0,0.0,55.9,S4_40,1.0,6.0
100.0,455,66.7,98.0,0.0,2.0,61.2,100.0,0.0,0.0,88.7,S4_40,1.0,6.0
30.0,448,20.0,87.7,0.0,12.3,19.4,100.0,0.0,0.0,32.3,S4_40,1.2,7.2
60.0,448,40.0,87.1,0.0,12.9,39.3,100.0,0.0,0.0,58.5,S4_40,1.2,7.2
100.0,448,66.7,86.2,0.0,13.8,66.0,100.0,0.0,0.0,93.5,S4_40,1.2,7.2
30.0,439,20.0,83.6,0.0,16.4,19.7,100.0,0.0,0.0,32.5,S4_40,1.3,7.8
60.0,442,40.0,84.2,0.0,15.8,40.1,100.0,0.0,0.0,59.3,S4_40,1.3,7.8
100.0,442,66.7,84.6,0.0,15.4,67.6,100.0,0.0,0.0,95.1,S4_40,1.3,7.8
30.0,395,20.0,87.3,0.0,12.7,20.4,100.0,0.0,0.0,33.3,S4_40,1.5,9.0
60.0,396,40.0,87.4,0.0,12.6,42.5,100.0,0.0,0.0,61.7,S4_40,1.5,9.0
100.0,401,66.7,86.3,0.0,13.7,71.9,99.5,0.0,0.5,99.4,S4_40,1.5,9.0
30.0,210,20.0,0.0,100.0,0.0,13.2,100.0,0.0,0.0,26.1,S6_n9,0.5,3.0
60.0,210,40.0,0.0,100.0,0.0,25.9,100.0,0.0,0.0,45.0,S6_n9,0.5,3.0
100.0,210,66.7,0.0,100.0,0.0,42.8,100.0,0.0,0.0,70.3,S6_n9,0.5,3.0
30.0,210,20.0,100.0,0.0,0.0,14.4,100.0,0.0,0.0,27.3,S6_n9,0.7,4.2
60.0,210,40.0,100.0,0.0,0.0,28.2,100.0,0.0,0.0,47.3,S6_n9,0.7,4.2
100.0,210,66.7,100.0,0.0,0.0,46.6,100.0,0.0,0.0,74.1,S6_n9,0.7,4.2
30.0,180,20.0,100.0,0.0,0.0,15.3,100.0,0.0,0.0,28.2,S6_n9,0.8,4.8
60.0,180,40.0,100.0,0.0,0.0,30.2,100.0,0.0,0.0,49.3,S6_n9,0.8,4.8
100.0,180,66.7,100.0,0.0,0.0,50.0,100.0,0.0,0.0,77.5,S6_n9,0.8,4.8
30.0,210,20.0,100.0,0.0,0.0,15.9,100.0,0.0,0.0,28.7,S6_n9,1.0,6.0
60.0,210,40.0,100.0,0.0,0.0,31.6,100.0,0.0,0.0,50.7,S6_n9,1.0,6.0
100.0,210,66.7,100.0,0.0,0.0,52.5,100.0,0.0,0.0,80.0,S6_n9,1.0,6.0
30.0,180,20.0,50.0,0.0,50.0,15.1,100.0,0.0,0.0,28.0,S6_n9,1.2,7.2
60.0,180,40.0,50.0,0.0,50.0,30.2,100.0,0.0,0.0,49.3,S6_n9,1.2,7.2
100.0,180,66.7,50.0,0.0,50.0,50.3,100.0,0.0,0.0,77.8,S6_n9,1.2,7.2
30.0,210,20.0,42.9,0.0,57.1,15.3,100.0,0.0,0.0,28.1,S6_n9,1.3,7.8
60.0,210,40.0,42.9,0.0,57.1,30.6,100.0,0.0,0.0,49.8,S6_n9,1.3,7.8
100.0,210,66.7,42.9,0.0,57.1,51.1,100.0,0.0,0.0,78.6,S6_n9,1.3,7.8
30.0,90,20.0,100.0,0.0,0.0,14.9,100.0,0.0,0.0,27.8,S6_n9,1.5,9.0
60.0,90,40.0,100.0,0.0,0.0,29.9,100.0,0.0,0.0,49.1,S6_n9,1.5,9.0
100.0,90,66.7,100.0,0.0,0.0,49.9,100.0,0.0,0.0,77.4,S6_n9,1.5,9.0
30.0,453,20.3,78.8,21.2,0.0,20.1,93.6,6.4,0.0,33.0,S7_worst,0.5,3.0
60.0,453,40.2,86.3,13.7,0.0,39.1,93.4,6.6,0.0,58.3,S7_worst,0.5,3.0
100.0,453,67.0,90.5,9.5,0.0,64.6,95.1,4.9,0.0,92.1,S7_worst,0.5,3.0
30.0,467,20.2,88.2,11.3,0.4,19.5,96.4,3.6,0.0,32.4,S7_worst,0.7,4.2
60.0,468,40.1,90.8,9.0,0.2,38.5,95.1,4.9,0.0,57.6,S7_worst,0.7,4.2
100.0,467,67.0,95.3,4.5,0.2,63.8,96.6,3.4,0.0,91.3,S7_worst,0.7,4.2
30.0,459,20.1,92.6,5.7,1.7,19.7,99.6,0.4,0.0,32.6,S7_worst,0.8,4.8
60.0,460,40.1,95.7,3.7,0.7,39.1,97.4,2.6,0.0,58.3,S7_worst,0.8,4.8
100.0,460,67.0,96.5,2.6,0.9,65.0,97.6,2.4,0.0,92.5,S7_worst,0.8,4.8
30.0,456,20.1,93.2,0.4,6.4,19.1,99.8,0.2,0.0,32.0,S7_worst,1.0,6.0
60.0,455,40.0,90.8,0.2,9.0,38.1,99.8,0.2,0.0,57.3,S7_worst,1.0,6.0
100.0,456,66.9,88.8,0.0,11.2,63.5,100.0,0.0,0.0,91.0,S7_worst,1.0,6.0
30.0,443,20.0,86.0,0.0,14.0,19.7,100.0,0.0,0.0,32.6,S7_worst,1.2,7.2
60.0,443,40.0,84.7,0.0,15.3,40.0,100.0,0.0,0.0,59.2,S7_worst,1.2,7.2
100.0,442,67.0,83.5,0.0,16.5,67.2,99.5,0.0,0.5,94.6,S7_worst,1.2,7.2
30.0,425,19.9,85.6,0.0,14.4,19.8,100.0,0.0,0.0,32.7,S7_worst,1.3,7.8
60.0,424,39.9,84.2,0.0,15.8,40.6,100.0,0.0,0.0,59.7,S7_worst,1.3,7.8
100.0,424,66.9,83.7,0.0,16.3,68.3,100.0,0.0,0.0,95.8,S7_worst,1.3,7.8
30.0,386,19.9,85.0,0.0,15.0,20.2,100.0,0.0,0.0,33.1,S7_worst,1.5,9.0
60.0,386,39.8,81.3,0.0,18.7,42.3,100.0,0.0,0.0,61.4,S7_worst,1.5,9.0
100.0,386,66.8,81.1,0.0,18.9,71.8,99.2,0.0,0.8,99.3,S7_worst,1.5,9.0
