front,tau_s,sigma_dd,deta_rms,R,n_pernode
straight_S1,11.0,0.917558647249531,11.689038629774187,12.739282295266017,13.0
straight_S1,30.0,1.9419208424767547,27.912093878598988,14.373445749209576,13.0
straight_S1,78.5,5.1700871826099,69.4660138947557,13.436139747973984,13.0
curved_S2a10,11.0,1.0223349392826035,12.369791114511367,12.09954843487159,13.2
curved_S2a10,30.0,1.9416088860066996,26.133810406373733,13.459873713352772,13.2
curved_S2a10,78.5,5.171435153771258,69.66126547449696,13.470393305366429,13.2
curved_S2a20,11.0,1.2510794436434627,13.903256775601424,11.113008727176902,12.9
curved_S2a20,30.0,2.126878196188834,28.275534708507926,13.294383646028733,12.9
curved_S2a20,78.5,5.172030226370699,70.05840062306153,13.545628613277206,13.1
