dist_m,n,E3_cov_pct,E3_breach_early_pct,E3_width_s,E3x_cov_pct,E3x_breach_early_pct,E3x_width_s,E3x2_cov_pct,E3x2_breach_early_pct,E3x2_width_s,scenario,tau_s,mode,warm_mult
30.0,476,94.1,0.0,18.5,100.0,0.0,31.3,100.0,0.0,34.5,S2a_10,0.0,uniform,1.0
60.0,476,94.5,0.0,36.9,100.0,0.0,56.1,100.0,0.0,59.2,S2a_10,0.0,uniform,1.0
100.0,476,91.4,0.0,61.6,100.0,0.0,89.1,100.0,0.0,92.3,S2a_10,0.0,uniform,1.0
30.0,473,100.0,0.0,18.2,100.0,0.0,31.1,100.0,0.0,34.3,S2a_10,2.0,uniform,1.0
60.0,473,100.0,0.0,36.0,100.0,0.0,55.2,100.0,0.0,58.3,S2a_10,2.0,uniform,1.0
100.0,473,100.0,0.0,59.8,100.0,0.0,87.3,100.0,0.0,90.4,S2a_10,2.0,uniform,1.0
30.0,475,100.0,0.0,18.3,100.0,0.0,31.2,100.0,0.0,34.4,S2a_10,2.0,variable,1.0
60.0,475,100.0,0.0,36.2,100.0,0.0,55.4,100.0,0.0,58.5,S2a_10,2.0,variable,1.0
100.0,475,100.0,0.0,60.2,100.0,0.0,87.6,100.0,0.0,90.8,S2a_10,2.0,variable,1.0
30.0,465,96.6,3.4,18.2,100.0,0.0,31.1,100.0,0.0,34.2,S2a_10,5.0,uniform,1.0
60.0,465,100.0,0.0,35.5,100.0,0.0,54.6,100.0,0.0,57.8,S2a_10,5.0,uniform,1.0
100.0,465,99.8,0.0,58.6,100.0,0.0,86.0,100.0,0.0,89.2,S2a_10,5.0,uniform,1.0
30.0,476,96.8,3.2,18.6,100.0,0.0,31.5,100.0,0.0,34.6,S2a_10,5.0,variable,1.0
60.0,476,99.4,0.4,36.3,100.0,0.0,55.4,100.0,0.0,58.6,S2a_10,5.0,variable,1.0
100.0,476,99.6,0.0,59.8,100.0,0.0,87.3,100.0,0.0,90.5,S2a_10,5.0,variable,1.0
30.0,466,63.1,36.5,18.2,99.1,0.9,31.1,100.0,0.0,34.2,S2a_10,10.0,uniform,1.0
60.0,466,95.3,4.5,35.1,100.0,0.0,54.3,100.0,0.0,57.4,S2a_10,10.0,uniform,1.0
100.0,466,99.8,0.0,57.7,100.0,0.0,85.2,100.0,0.0,88.4,S2a_10,10.0,uniform,1.0
30.0,474,71.5,27.8,19.1,97.7,2.3,32.0,100.0,0.0,35.1,S2a_10,10.0,variable,1.0
60.0,474,93.0,6.5,36.7,99.2,0.8,55.9,100.0,0.0,59.1,S2a_10,10.0,variable,1.0
100.0,474,98.9,0.8,60.3,99.4,0.6,87.8,100.0,0.0,91.0,S2a_10,10.0,variable,1.0
30.0,478,21.8,78.2,19.3,57.5,42.5,32.1,98.3,1.7,35.3,S2a_10,10.0,uniform,0.5
60.0,478,49.2,50.6,36.7,76.6,23.4,55.9,97.3,2.7,59.0,S2a_10,10.0,uniform,0.5
100.0,478,78.9,21.1,60.0,92.9,7.1,87.5,99.4,0.6,90.7,S2a_10,10.0,uniform,0.5
30.0,480,31.0,69.0,20.2,65.6,34.4,33.0,96.0,4.0,36.2,S2a_10,10.0,variable,0.5
60.0,480,57.1,42.7,38.3,78.8,21.2,57.4,97.1,2.9,60.6,S2a_10,10.0,variable,0.5
100.0,480,82.9,17.1,62.7,91.7,8.3,90.1,97.3,2.7,93.3,S2a_10,10.0,variable,0.5
30.0,494,85.0,1.0,18.8,99.6,0.2,31.7,99.8,0.0,34.8,S2a_20,0.0,uniform,1.0
60.0,494,87.4,0.8,37.4,99.4,0.6,56.6,99.8,0.2,59.7,S2a_20,0.0,uniform,1.0
100.0,494,89.1,2.0,62.2,99.0,1.0,89.7,99.4,0.6,92.8,S2a_20,0.0,uniform,1.0
30.0,482,96.9,1.9,19.6,98.8,1.2,32.5,100.0,0.0,35.6,S2a_20,2.0,uniform,1.0
60.0,477,96.4,1.5,38.5,99.4,0.6,57.7,99.4,0.6,60.8,S2a_20,2.0,uniform,1.0
100.0,477,93.7,5.2,63.8,96.6,3.4,91.3,98.7,1.3,94.4,S2a_20,2.0,uniform,1.0
30.0,486,95.9,1.6,20.3,98.8,1.2,33.2,99.6,0.4,36.4,S2a_20,2.0,variable,1.0
60.0,481,96.3,1.0,40.0,99.4,0.6,59.2,99.4,0.6,62.3,S2a_20,2.0,variable,1.0
100.0,481,93.8,4.8,66.3,96.9,3.1,93.7,98.5,1.5,96.9,S2a_20,2.0,variable,1.0
30.0,478,94.4,4.6,21.6,98.1,1.9,34.4,99.0,1.0,37.6,S2a_20,5.0,uniform,1.0
60.0,472,94.5,4.4,41.8,98.1,1.9,60.9,99.4,0.6,64.1,S2a_20,5.0,uniform,1.0
100.0,471,91.3,7.9,68.8,93.2,6.8,96.3,94.7,5.3,99.4,S2a_20,5.0,uniform,1.0
30.0,487,94.3,4.5,21.3,98.2,1.8,34.2,99.0,1.0,37.3,S2a_20,5.0,variable,1.0
60.0,481,94.8,4.0,41.3,97.7,2.3,60.5,99.2,0.8,63.7,S2a_20,5.0,variable,1.0
100.0,482,91.3,7.7,68.1,93.8,6.2,95.6,96.3,3.7,98.8,S2a_20,5.0,variable,1.0
30.0,491,87.4,11.4,21.6,97.8,2.2,34.5,98.8,1.2,37.7,S2a_20,10.0,uniform,1.0
60.0,485,91.3,7.8,41.2,95.7,4.3,60.4,97.7,2.3,63.5,S2a_20,10.0,uniform,1.0
100.0,484,89.9,9.3,67.4,92.4,7.6,94.9,93.6,6.4,98.1,S2a_20,10.0,uniform,1.0
30.0,492,86.4,12.4,21.8,95.9,4.1,34.7,98.6,1.4,37.8,S2a_20,10.0,variable,1.0
60.0,485,90.7,8.7,41.7,94.4,5.6,60.8,97.9,2.1,64.0,S2a_20,10.0,variable,1.0
100.0,485,88.0,11.5,68.1,91.3,8.7,95.6,94.0,6.0,98.7,S2a_20,10.0,variable,1.0
30.0,493,64.5,35.3,22.5,83.2,16.8,35.3,94.9,5.1,38.5,S2a_20,10.0,uniform,0.5
60.0,492,79.5,20.5,42.6,85.4,14.6,61.7,92.1,7.9,64.9,S2a_20,10.0,uniform,0.5
100.0,492,81.9,18.1,69.4,85.0,15.0,96.9,88.2,11.8,100.0,S2a_20,10.0,uniform,0.5
30.0,493,69.0,30.2,22.5,86.2,13.8,35.4,95.3,4.7,38.6,S2a_20,10.0,variable,0.5
60.0,493,80.9,18.9,42.7,87.4,12.6,61.8,94.3,5.7,65.0,S2a_20,10.0,variable,0.5
100.0,493,81.1,18.7,69.5,85.0,15.0,97.0,88.6,11.4,100.1,S2a_20,10.0,variable,0.5
30.0,453,98.9,0.0,18.4,100.0,0.0,31.3,100.0,0.0,34.5,S4_40,0.0,uniform,1.0
60.0,453,98.5,0.0,36.8,100.0,0.0,55.9,100.0,0.0,59.1,S4_40,0.0,uniform,1.0
100.0,455,98.0,0.0,61.2,100.0,0.0,88.7,100.0,0.0,91.9,S4_40,0.0,uniform,1.0
30.0,461,99.3,0.0,17.7,100.0,0.0,30.6,100.0,0.0,33.8,S4_40,2.0,uniform,1.0
60.0,462,98.9,0.0,34.9,100.0,0.0,54.0,100.0,0.0,57.2,S4_40,2.0,uniform,1.0
100.0,463,98.3,0.0,57.8,100.0,0.0,85.3,100.0,0.0,88.4,S4_40,2.0,uniform,1.0
30.0,468,99.1,0.0,18.1,100.0,0.0,31.0,100.0,0.0,34.1,S4_40,2.0,variable,1.0
60.0,468,99.1,0.0,35.6,100.0,0.0,54.8,100.0,0.0,57.9,S4_40,2.0,variable,1.0
100.0,468,99.1,0.0,59.1,100.0,0.0,86.6,100.0,0.0,89.7,S4_40,2.0,variable,1.0
30.0,461,100.0,0.0,16.9,100.0,0.0,29.7,100.0,0.0,32.9,S4_40,5.0,uniform,1.0
60.0,461,100.0,0.0,32.9,100.0,0.0,52.0,100.0,0.0,55.2,S4_40,5.0,uniform,1.0
100.0,461,100.0,0.0,54.3,100.0,0.0,81.8,100.0,0.0,84.9,S4_40,5.0,uniform,1.0
30.0,463,94.4,5.6,17.9,100.0,0.0,30.7,100.0,0.0,33.9,S4_40,5.0,variable,1.0
60.0,463,100.0,0.0,34.8,100.0,0.0,53.9,100.0,0.0,57.1,S4_40,5.0,variable,1.0
100.0,463,100.0,0.0,57.4,100.0,0.0,84.9,100.0,0.0,88.1,S4_40,5.0,variable,1.0
30.0,466,13.3,86.7,15.8,100.0,0.0,28.6,100.0,0.0,31.8,S4_40,10.0,uniform,1.0
60.0,466,100.0,0.0,30.6,100.0,0.0,49.7,100.0,0.0,52.9,S4_40,10.0,uniform,1.0
100.0,466,100.0,0.0,50.4,100.0,0.0,77.9,100.0,0.0,81.0,S4_40,10.0,uniform,1.0
30.0,461,48.2,51.8,18.2,94.1,5.9,31.1,99.8,0.2,34.2,S4_40,10.0,variable,1.0
60.0,461,91.5,8.5,35.1,98.9,1.1,54.2,99.8,0.2,57.4,S4_40,10.0,variable,1.0
100.0,461,97.0,3.0,57.6,99.8,0.2,85.1,99.8,0.2,88.3,S4_40,10.0,variable,1.0
30.0,469,0.6,99.4,14.2,0.6,99.4,27.1,97.9,2.1,30.3,S4_40,10.0,uniform,0.5
60.0,469,0.6,99.4,27.7,3.6,96.4,46.8,100.0,0.0,50.0,S4_40,10.0,uniform,0.5
100.0,469,1.7,98.3,45.7,16.4,83.6,73.2,100.0,0.0,76.3,S4_40,10.0,uniform,0.5
30.0,471,2.1,97.9,17.3,27.0,73.0,30.2,80.7,19.3,33.3,S4_40,10.0,variable,0.5
60.0,471,23.8,76.2,33.2,58.0,42.0,52.3,83.2,16.8,55.5,S4_40,10.0,variable,0.5
100.0,471,47.6,52.4,54.4,69.2,30.8,81.8,84.5,15.5,85.0,S4_40,10.0,variable,0.5
30.0,210,100.0,0.0,15.9,100.0,0.0,28.7,100.0,0.0,31.9,S6_n9,0.0,uniform,1.0
60.0,210,100.0,0.0,31.6,100.0,0.0,50.7,100.0,0.0,53.9,S6_n9,0.0,uniform,1.0
100.0,210,100.0,0.0,52.5,100.0,0.0,80.0,100.0,0.0,83.2,S6_n9,0.0,uniform,1.0
30.0,180,100.0,0.0,14.5,100.0,0.0,27.4,100.0,0.0,30.6,S6_n9,2.0,uniform,1.0
60.0,180,100.0,0.0,28.5,100.0,0.0,47.7,100.0,0.0,50.8,S6_n9,2.0,uniform,1.0
100.0,180,100.0,0.0,47.2,100.0,0.0,74.7,100.0,0.0,77.9,S6_n9,2.0,uniform,1.0
30.0,186,100.0,0.0,14.9,100.0,0.0,27.8,100.0,0.0,30.9,S6_n9,2.0,variable,1.0
60.0,186,100.0,0.0,29.3,100.0,0.0,48.4,100.0,0.0,51.6,S6_n9,2.0,variable,1.0
100.0,186,100.0,0.0,48.5,100.0,0.0,76.0,100.0,0.0,79.1,S6_n9,2.0,variable,1.0
30.0,180,100.0,0.0,14.5,100.0,0.0,27.4,100.0,0.0,30.5,S6_n9,5.0,uniform,1.0
60.0,180,100.0,0.0,28.4,100.0,0.0,47.5,100.0,0.0,50.7,S6_n9,5.0,uniform,1.0
100.0,180,100.0,0.0,46.9,100.0,0.0,74.4,100.0,0.0,77.6,S6_n9,5.0,uniform,1.0
30.0,185,93.0,7.0,14.5,100.0,0.0,27.4,100.0,0.0,30.6,S6_n9,5.0,variable,1.0
60.0,185,100.0,0.0,28.5,100.0,0.0,47.6,100.0,0.0,50.8,S6_n9,5.0,variable,1.0
100.0,185,100.0,0.0,47.1,100.0,0.0,74.6,100.0,0.0,77.7,S6_n9,5.0,variable,1.0
30.0,210,28.6,71.4,13.9,100.0,0.0,26.7,100.0,0.0,29.9,S6_n9,10.0,uniform,1.0
60.0,210,100.0,0.0,27.1,100.0,0.0,46.2,100.0,0.0,49.4,S6_n9,10.0,uniform,1.0
100.0,210,100.0,0.0,44.7,100.0,0.0,72.2,100.0,0.0,75.4,S6_n9,10.0,uniform,1.0
30.0,188,56.4,43.6,15.0,98.9,1.1,27.9,100.0,0.0,31.0,S6_n9,10.0,variable,1.0
60.0,188,95.2,4.8,29.2,100.0,0.0,48.3,100.0,0.0,51.5,S6_n9,10.0,variable,1.0
100.0,188,99.5,0.5,48.1,100.0,0.0,75.6,100.0,0.0,78.8,S6_n9,10.0,variable,1.0
30.0,210,0.0,100.0,13.7,0.0,100.0,26.6,100.0,0.0,29.8,S6_n9,10.0,uniform,0.5
60.0,210,0.0,100.0,26.8,0.0,100.0,45.9,100.0,0.0,49.1,S6_n9,10.0,uniform,0.5
100.0,210,0.0,100.0,44.2,57.1,42.9,71.7,100.0,0.0,74.8,S6_n9,10.0,uniform,0.5
30.0,195,1.0,99.0,15.0,26.7,73.3,27.8,87.2,12.8,31.0,S6_n9,10.0,variable,0.5
60.0,195,19.5,80.5,29.1,61.5,38.5,48.2,89.7,10.3,51.4,S6_n9,10.0,variable,0.5
100.0,195,49.2,50.8,47.8,74.4,25.6,75.3,89.7,10.3,78.5,S6_n9,10.0,variable,0.5
30.0,456,93.2,0.4,19.1,99.8,0.2,32.0,100.0,0.0,35.2,S7_worst,0.0,uniform,1.0
60.0,455,90.8,0.2,38.1,99.8,0.2,57.3,100.0,0.0,60.4,S7_worst,0.0,uniform,1.0
100.0,456,88.8,0.0,63.5,100.0,0.0,91.0,100.0,0.0,94.1,S7_worst,0.0,uniform,1.0
30.0,451,97.8,1.8,18.9,99.8,0.2,31.8,100.0,0.0,34.9,S7_worst,2.0,uniform,1.0
60.0,452,99.3,0.0,37.3,100.0,0.0,56.4,100.0,0.0,59.6,S7_worst,2.0,uniform,1.0
100.0,452,99.3,0.0,61.9,100.0,0.0,89.4,100.0,0.0,92.5,S7_worst,2.0,uniform,1.0
30.0,455,96.3,3.3,19.8,100.0,0.0,32.6,100.0,0.0,35.8,S7_worst,2.0,variable,1.0
60.0,454,97.8,2.2,38.8,100.0,0.0,57.9,100.0,0.0,61.1,S7_worst,2.0,variable,1.0
100.0,453,100.0,0.0,64.0,100.0,0.0,91.5,100.0,0.0,94.7,S7_worst,2.0,variable,1.0
30.0,455,91.6,7.9,18.9,98.5,1.5,31.8,100.0,0.0,35.0,S7_worst,5.0,uniform,1.0
60.0,455,94.5,5.3,36.9,97.8,2.2,56.1,99.6,0.4,59.2,S7_worst,5.0,uniform,1.0
100.0,455,97.6,2.2,61.0,100.0,0.0,88.4,100.0,0.0,91.6,S7_worst,5.0,uniform,1.0
30.0,457,90.4,9.6,20.2,98.7,1.3,33.1,100.0,0.0,36.2,S7_worst,5.0,variable,1.0
60.0,458,95.6,4.1,39.4,97.4,2.6,58.5,98.7,1.3,61.7,S7_worst,5.0,variable,1.0
100.0,457,97.4,2.4,64.5,98.7,1.3,92.0,98.7,1.3,95.1,S7_worst,5.0,variable,1.0
30.0,458,77.5,22.5,19.3,91.9,8.1,32.2,98.3,1.7,35.3,S7_worst,10.0,uniform,1.0
60.0,458,90.2,9.8,37.2,93.9,6.1,56.3,96.7,3.3,59.5,S7_worst,10.0,uniform,1.0
100.0,458,96.9,3.1,61.0,97.4,2.6,88.5,98.3,1.7,91.7,S7_worst,10.0,uniform,1.0
30.0,462,75.5,24.5,20.4,94.6,5.4,33.3,98.3,1.7,36.5,S7_worst,10.0,variable,1.0
60.0,462,91.1,8.7,39.3,94.8,5.2,58.4,97.0,3.0,61.6,S7_worst,10.0,variable,1.0
100.0,460,96.1,3.7,64.4,98.3,1.7,91.9,99.3,0.7,95.1,S7_worst,10.0,variable,1.0
30.0,463,54.2,45.8,21.0,77.5,22.5,33.9,89.4,10.6,37.1,S7_worst,10.0,uniform,0.5
60.0,463,74.5,25.5,39.9,83.2,16.8,59.1,89.6,10.4,62.2,S7_worst,10.0,uniform,0.5
100.0,463,82.3,17.7,65.1,88.8,11.2,92.6,92.9,7.1,95.8,S7_worst,10.0,uniform,0.5
30.0,460,56.3,43.7,21.5,78.7,21.3,34.4,90.0,10.0,37.6,S7_worst,10.0,variable,0.5
60.0,460,74.3,25.7,40.9,85.4,14.6,60.0,90.0,10.0,63.2,S7_worst,10.0,variable,0.5
100.0,458,83.6,15.9,66.5,89.3,10.7,94.0,94.5,5.5,97.1,S7_worst,10.0,variable,0.5
