t_s,t_hms,event,label,node_id,detail
0.01,0:00:00,EXPECTED_DTR_RESET,,,"rst:0x1 (POWERON_RESET),boot:0x13 (SPI_FAST_FLASH_BOOT)"
1.11,0:00:01,ST,브리지,99,"{""type"":""ST"",""id"":99,""st"":""ALIVE"",""temp"":25,""ms"":786,""fake"":0,""nt"":0.786681}"
2.62,0:00:02,JOIN,브리지,99,
18.48,0:00:18,JOIN,n03,2,
19.24,0:00:19,JOIN,n08,7,
20.0,0:00:19,JOIN,n06,5,
20.76,0:00:20,JOIN,n07,6,
21.52,0:00:21,JOIN,n15,14,
22.28,0:00:22,JOIN,n12,11,
23.05,0:00:23,JOIN,n16,15,
23.81,0:00:23,JOIN,n14,13,
24.57,0:00:24,JOIN,n11,10,
25.33,0:00:25,JOIN,n10,9,
32.94,0:00:32,JOIN,n04,3,
120.37,0:02:00,BASELINE,,,노드 11대: n03|n04|n06|n07|n08|n10|n11|n12|n14|n15|n16
105.89,0:01:45,DROP,n03,2,마지막 HB 이후 14.5s 침묵
115.04,0:01:55,DROP,n04,3,마지막 HB 이후 10.7s 침묵
125.71,0:02:05,REJOIN,n03,2,이탈 지속 19.8s
125.71,0:02:05,DROP,n03,2,마지막 HB 이후 10.7s 침묵
136.37,0:02:16,REJOIN,n03,2,이탈 지속 10.7s
136.37,0:02:16,DROP,n03,2,마지막 HB 이후 10.7s 침묵
138.65,0:02:18,DROP,n08,7,마지막 HB 이후 10.4s 침묵
139.41,0:02:19,DROP,n06,5,마지막 HB 이후 10.7s 침묵
140.19,0:02:20,DROP,n07,6,마지막 HB 이후 10.9s 침묵
140.95,0:02:20,DROP,n16,15,마지막 HB 이후 10.2s 침묵
141.71,0:02:21,DROP,n15,14,마지막 HB 이후 10.4s 침묵
142.47,0:02:22,DROP,n12,11,마지막 HB 이후 10.1s 침묵
152.62,0:02:32,RESET_MARKER,,,"rst:0xc (SW_CPU_RESET),boot:0x13 (SPI_FAST_FLASH_BOOT)"
143.23,0:02:23,DROP,n14,13,마지막 HB 이후 10.0s 침묵
153.7,0:02:33,ST,브리지,99,"{""type"":""ST"",""id"":99,""st"":""ALIVE"",""temp"":25,""ms"":776,""fake"":0,""nt"":0.776054}"
143.99,0:02:23,DROP,n11,10,마지막 HB 이후 10.7s 침묵
144.75,0:02:24,DROP,n10,9,마지막 HB 이후 10.5s 침묵
155.22,0:02:35,NT_WRAP,브리지,99,nt 146.7 -> 2.3 (감소 144.5)
212.57,0:03:32,REJOIN,n10,9,이탈 지속 67.8s
213.33,0:03:33,REJOIN,n08,7,이탈 지속 74.7s
214.09,0:03:34,REJOIN,n16,15,이탈 지속 73.1s
214.84,0:03:34,REJOIN,n12,11,이탈 지속 72.4s
215.61,0:03:35,REJOIN,n07,6,이탈 지속 75.4s
216.36,0:03:36,REJOIN,n06,5,이탈 지속 76.9s
217.12,0:03:37,REJOIN,n15,14,이탈 지속 75.4s
217.9,0:03:37,REJOIN,n14,13,이탈 지속 74.7s
218.66,0:03:38,REJOIN,n11,10,이탈 지속 74.7s
220.18,0:03:40,REJOIN,n04,3,이탈 지속 105.1s
220.18,0:03:40,NT_WRAP,n04,3,nt 3227.5 -> 10.4 (감소 3217.0)
221.69,0:03:41,REJOIN,n03,2,이탈 지속 85.3s
222.45,0:03:42,DROP,n16,15,마지막 HB 이후 10.6s 침묵
223.24,0:03:43,DROP,n06,5,마지막 HB 이후 10.6s 침묵
223.99,0:03:43,DROP,n07,6,마지막 HB 이후 10.6s 침묵
224.76,0:03:44,DROP,n12,11,마지막 HB 이후 10.6s 침묵
235.39,0:03:55,REJOIN,n06,5,이탈 지속 12.2s
225.51,0:03:45,DROP,n15,14,마지막 HB 이후 10.6s 침묵
236.14,0:03:56,REJOIN,n12,11,이탈 지속 11.4s
226.28,0:03:46,DROP,n14,13,마지막 HB 이후 10.6s 침묵
236.9,0:03:56,REJOIN,n07,6,이탈 지속 12.9s
227.03,0:03:47,DROP,n11,10,마지막 HB 이후 10.6s 침묵
237.66,0:03:57,REJOIN,n16,15,이탈 지속 15.2s
227.79,0:03:47,DROP,n03,2,마지막 HB 이후 10.6s 침묵
238.42,0:03:58,REJOIN,n15,14,이탈 지속 12.9s
228.57,0:03:48,DROP,n04,3,마지막 HB 이후 10.6s 침묵
239.19,0:03:59,REJOIN,n14,13,이탈 지속 12.9s
229.33,0:03:49,DROP,n10,9,마지막 HB 이후 10.6s 침묵
239.96,0:03:59,REJOIN,n11,10,이탈 지속 12.9s
240.71,0:04:00,REJOIN,n03,2,이탈 지속 12.9s
241.47,0:04:01,REJOIN,n10,9,이탈 지속 12.1s
242.99,0:04:02,REJOIN,n04,3,이탈 지속 14.4s
242.99,0:04:02,DROP,n04,3,마지막 HB 이후 10.2s 침묵
243.75,0:04:03,DROP,n03,2,마지막 HB 이후 10.7s 침묵
246.05,0:04:06,DROP,n12,11,마지막 HB 이후 10.1s 침묵
256.69,0:04:16,REJOIN,n04,3,이탈 지속 13.7s
246.81,0:04:06,DROP,n07,6,마지막 HB 이후 10.7s 침묵
247.57,0:04:07,DROP,n15,14,마지막 HB 이후 10.6s 침묵
249.09,0:04:09,DROP,n11,10,마지막 HB 이후 10.1s 침묵
248.33,0:04:08,DROP,n14,13,마지막 HB 이후 10.9s 침묵
259.73,0:04:19,REJOIN,n07,6,이탈 지속 12.9s
249.86,0:04:09,DROP,n10,9,마지막 HB 이후 10.6s 침묵
261.26,0:04:21,REJOIN,n15,14,이탈 지속 13.7s
262.02,0:04:22,REJOIN,n14,13,이탈 지속 13.7s
252.14,0:04:12,DROP,n06,5,마지막 HB 이후 10.6s 침묵
262.78,0:04:22,REJOIN,n03,2,이탈 지속 19.0s
263.53,0:04:23,REJOIN,n11,10,이탈 지속 14.4s
264.3,0:04:24,REJOIN,n10,9,이탈 지속 14.4s
265.05,0:04:25,REJOIN,n12,11,이탈 지속 19.0s
265.83,0:04:25,REJOIN,n06,5,이탈 지속 13.7s
256.69,0:04:16,DROP,n04,3,마지막 HB 이후 10.7s 침묵
267.35,0:04:27,REJOIN,n04,3,이탈 지속 10.7s
262.78,0:04:22,DROP,n03,2,마지막 HB 이후 10.7s 침묵
267.35,0:04:27,DROP,n04,3,마지막 HB 이후 10.1s 침묵
266.59,0:04:26,DROP,n08,7,마지막 HB 이후 10.9s 침묵
268.11,0:04:28,DROP,n16,15,마지막 HB 이후 10.6s 침묵
278.74,0:04:38,REJOIN,n16,15,이탈 지속 10.6s
268.87,0:04:28,DROP,n07,6,마지막 HB 이후 10.6s 침묵
279.51,0:04:39,REJOIN,n07,6,이탈 지속 10.6s
283.31,0:04:43,REJOIN,n03,2,이탈 지속 20.5s
273.45,0:04:33,DROP,n10,9,마지막 HB 이후 10.6s 침묵
284.08,0:04:44,REJOIN,n10,9,이탈 지속 10.6s
274.21,0:04:34,DROP,n06,5,마지막 HB 이후 10.6s 침묵
284.83,0:04:44,REJOIN,n04,3,이탈 지속 17.5s
285.59,0:04:45,REJOIN,n06,5,이탈 지속 11.4s
286.35,0:04:46,REJOIN,n08,7,이탈 지속 19.8s
283.31,0:04:43,DROP,n03,2,마지막 HB 이후 10.9s 침묵
294.74,0:04:54,REJOIN,n03,2,이탈 지속 11.4s
284.83,0:04:44,DROP,n04,3,마지막 HB 이후 10.7s 침묵
288.65,0:04:48,DROP,n15,14,마지막 HB 이후 10.2s 침묵
290.17,0:04:50,DROP,n12,11,마지막 HB 이후 10.1s 침묵
289.41,0:04:49,DROP,n14,13,마지막 HB 이후 10.9s 침묵
290.93,0:04:50,DROP,n11,10,마지막 HB 이후 10.6s 침묵
291.69,0:04:51,DROP,n10,9,마지막 HB 이후 10.6s 침묵
302.34,0:05:02,REJOIN,n15,14,이탈 지속 13.7s
292.46,0:04:52,DROP,n06,5,마지막 HB 이후 10.6s 침묵
303.11,0:05:03,REJOIN,n12,11,이탈 지속 12.9s
293.23,0:04:53,DROP,n08,7,마지막 HB 이후 10.6s 침묵
303.87,0:05:03,REJOIN,n14,13,이탈 지속 14.5s
304.62,0:05:04,REJOIN,n11,10,이탈 지속 13.7s
294.74,0:04:54,DROP,n03,2,마지막 HB 이후 10.6s 침묵
305.39,0:05:05,REJOIN,n04,3,이탈 지속 20.6s
306.14,0:05:06,REJOIN,n03,2,이탈 지속 11.4s
306.9,0:05:06,REJOIN,n10,9,이탈 지속 15.2s
307.66,0:05:07,REJOIN,n08,7,이탈 지속 14.4s
308.44,0:05:08,REJOIN,n06,5,이탈 지속 16.0s
305.39,0:05:05,DROP,n04,3,마지막 HB 이후 10.7s 침묵
316.81,0:05:16,REJOIN,n04,3,이탈 지속 11.4s
311.48,0:05:11,DROP,n12,11,마지막 HB 이후 10.1s 침묵
310.71,0:05:10,DROP,n15,14,마지막 HB 이후 10.9s 침묵
312.24,0:05:12,DROP,n14,13,마지막 HB 이후 10.6s 침묵
313.0,0:05:12,DROP,n11,10,마지막 HB 이후 10.6s 침묵
323.63,0:05:23,REJOIN,n12,11,이탈 지속 12.2s
313.77,0:05:13,DROP,n10,9,마지막 HB 이후 10.6s 침묵
324.4,0:05:24,REJOIN,n15,14,이탈 지속 13.7s
314.53,0:05:14,DROP,n03,2,마지막 HB 이후 10.6s 침묵
325.16,0:05:25,REJOIN,n11,10,이탈 지속 12.2s
315.29,0:05:15,DROP,n08,7,마지막 HB 이후 10.6s 침묵
325.92,0:05:25,REJOIN,n14,13,이탈 지속 13.7s
316.05,0:05:16,DROP,n06,5,마지막 HB 이후 10.6s 침묵
327.44,0:05:27,REJOIN,n10,9,이탈 지속 13.7s
317.57,0:05:17,DROP,n07,6,마지막 HB 이후 10.6s 침묵
328.2,0:05:28,REJOIN,n08,7,이탈 지속 12.9s
328.96,0:05:28,REJOIN,n06,5,이탈 지속 12.9s
329.73,0:05:29,REJOIN,n07,6,이탈 지속 12.2s
334.29,0:05:34,REJOIN,n03,2,이탈 지속 19.8s
326.68,0:05:26,DROP,n04,3,마지막 HB 이후 10.7s 침묵
337.35,0:05:37,REJOIN,n04,3,이탈 지속 10.7s
332.77,0:05:32,DROP,n14,13,마지막 HB 이후 10.1s 침묵
332.01,0:05:32,DROP,n15,14,마지막 HB 이후 10.9s 침묵
334.29,0:05:34,DROP,n03,2,마지막 HB 이후 10.1s 침묵
333.53,0:05:33,DROP,n11,10,마지막 HB 이후 10.9s 침묵
335.07,0:05:35,DROP,n10,9,마지막 HB 이후 10.6s 침묵
335.83,0:05:35,DROP,n08,7,마지막 HB 이후 10.6s 침묵
346.46,0:05:46,REJOIN,n15,14,이탈 지속 14.5s
336.58,0:05:36,DROP,n06,5,마지막 HB 이후 10.6s 침묵
347.22,0:05:47,REJOIN,n14,13,이탈 지속 14.4s
338.1,0:05:38,DROP,n07,6,마지막 HB 이후 10.6s 침묵
348.74,0:05:48,REJOIN,n11,10,이탈 지속 15.2s
349.5,0:05:49,REJOIN,n10,9,이탈 지속 14.4s
350.25,0:05:50,REJOIN,n03,2,이탈 지속 16.0s
351.03,0:05:51,REJOIN,n08,7,이탈 지속 15.2s
351.79,0:05:51,REJOIN,n06,5,이탈 지속 15.2s
353.31,0:05:53,REJOIN,n07,6,이탈 지속 15.2s
344.93,0:05:44,DROP,n04,3,마지막 HB 이후 10.7s 침묵
357.88,0:05:57,REJOIN,n04,3,이탈 지속 13.0s
350.25,0:05:50,DROP,n03,2,마지막 HB 이후 10.7s 침묵
361.7,0:06:01,REJOIN,n03,2,이탈 지속 11.4s
354.07,0:05:54,DROP,n15,14,마지막 HB 이후 10.1s 침묵
354.82,0:05:54,DROP,n12,11,마지막 HB 이후 10.9s 침묵
355.59,0:05:55,DROP,n14,13,마지막 HB 이후 10.1s 침묵
366.23,0:06:06,REJOIN,n12,11,이탈 지속 11.4s
356.36,0:05:56,DROP,n11,10,마지막 HB 이후 10.6s 침묵
367.01,0:06:07,REJOIN,n11,10,이탈 지속 10.6s
357.12,0:05:57,DROP,n10,9,마지막 HB 이후 10.6s 침묵
367.77,0:06:07,REJOIN,n14,13,이탈 지속 12.2s
357.88,0:05:57,DROP,n04,3,마지막 HB 이후 10.6s 침묵
368.52,0:06:08,REJOIN,n10,9,이탈 지속 11.4s
358.64,0:05:58,DROP,n06,5,마지막 HB 이후 10.6s 침묵
369.29,0:06:09,REJOIN,n04,3,이탈 지속 11.4s
359.4,0:05:59,DROP,n08,7,마지막 HB 이후 10.6s 침묵
370.04,0:06:10,REJOIN,n08,7,이탈 지속 10.6s
360.16,0:06:00,DROP,n07,6,마지막 HB 이후 10.6s 침묵
370.8,0:06:10,REJOIN,n07,6,이탈 지속 10.6s
360.92,0:06:00,DROP,n16,15,마지막 HB 이후 10.6s 침묵
371.56,0:06:11,REJOIN,n16,15,이탈 지속 10.6s
361.7,0:06:01,DROP,n03,2,마지막 HB 이후 10.6s 침묵
372.34,0:06:12,REJOIN,n06,5,이탈 지속 13.7s
373.09,0:06:13,REJOIN,n15,14,이탈 지속 19.0s
370.8,0:06:10,DROP,n07,6,마지막 HB 이후 10.1s 침묵
370.04,0:06:10,DROP,n08,7,마지막 HB 이후 10.9s 침묵
371.56,0:06:11,DROP,n16,15,마지막 HB 이후 10.6s 침묵
382.98,0:06:22,REJOIN,n08,7,이탈 지속 12.9s
373.09,0:06:13,DROP,n15,14,마지막 HB 이후 10.6s 침묵
373.85,0:06:13,DROP,n12,11,마지막 HB 이후 10.6s 침묵
384.5,0:06:24,REJOIN,n07,6,이탈 지속 13.7s
374.61,0:06:14,DROP,n14,13,마지막 HB 이후 10.6s 침묵
385.26,0:06:25,REJOIN,n15,14,이탈 지속 12.2s
375.37,0:06:15,DROP,n11,10,마지막 HB 이후 10.6s 침묵
386.02,0:06:26,REJOIN,n12,11,이탈 지속 12.2s
386.77,0:06:26,REJOIN,n03,2,이탈 지속 25.1s
387.54,0:06:27,REJOIN,n14,13,이탈 지속 12.9s
388.31,0:06:28,REJOIN,n16,15,이탈 지속 16.7s
389.07,0:06:29,REJOIN,n11,10,이탈 지속 13.7s
383.74,0:06:23,DROP,n04,3,마지막 HB 이후 10.7s 침묵
392.11,0:06:32,DROP,n07,6,마지막 HB 이후 10.1s 침묵
392.87,0:06:32,DROP,n16,15,마지막 HB 이후 10.6s 침묵
393.65,0:06:33,DROP,n15,14,마지막 HB 이후 10.6s 침묵
394.4,0:06:34,DROP,n03,2,마지막 HB 이후 10.6s 침묵
405.04,0:06:45,REJOIN,n03,2,이탈 지속 10.6s
395.17,0:06:35,DROP,n12,11,마지막 HB 이후 10.6s 침묵
405.8,0:06:45,REJOIN,n07,6,이탈 지속 13.7s
395.92,0:06:35,DROP,n14,13,마지막 HB 이후 10.6s 침묵
406.56,0:06:46,REJOIN,n15,14,이탈 지속 12.9s
396.69,0:06:36,DROP,n10,9,마지막 HB 이후 10.6s 침묵
397.44,0:06:37,DROP,n11,10,마지막 HB 이후 10.6s 침묵
408.08,0:06:48,REJOIN,n12,11,이탈 지속 12.9s
408.84,0:06:48,REJOIN,n16,15,이탈 지속 16.0s
409.61,0:06:49,REJOIN,n14,13,이탈 지속 13.7s
410.37,0:06:50,REJOIN,n11,10,이탈 지속 12.9s
411.13,0:06:51,REJOIN,n10,9,이탈 지속 14.4s
407.32,0:06:47,DROP,n03,2,마지막 HB 이후 10.7s 침묵
414.17,0:06:54,DROP,n16,15,마지막 HB 이후 10.6s 침묵
414.95,0:06:54,DROP,n15,14,마지막 HB 이후 10.6s 침묵
415.7,0:06:55,DROP,n12,11,마지막 HB 이후 10.6s 침묵
426.32,0:07:06,REJOIN,n03,2,이탈 지속 19.0s
416.46,0:06:56,DROP,n11,10,마지막 HB 이후 10.6s 침묵
427.09,0:07:07,REJOIN,n04,3,이탈 지속 43.3s
417.22,0:06:57,DROP,n14,13,마지막 HB 이후 10.6s 침묵
417.98,0:06:57,DROP,n08,7,마지막 HB 이후 10.6s 침묵
429.36,0:07:09,REJOIN,n16,15,이탈 지속 15.2s
419.5,0:06:59,DROP,n10,9,마지막 HB 이후 10.6s 침묵
430.12,0:07:10,REJOIN,n15,14,이탈 지속 15.2s
420.27,0:07:00,DROP,n06,5,마지막 HB 이후 10.6s 침묵
430.89,0:07:10,REJOIN,n12,11,이탈 지속 15.2s
431.66,0:07:11,REJOIN,n14,13,이탈 지속 14.4s
432.41,0:07:12,REJOIN,n11,10,이탈 지속 15.9s
433.17,0:07:13,REJOIN,n10,9,이탈 지속 13.7s
433.93,0:07:13,REJOIN,n08,7,이탈 지속 15.9s
434.69,0:07:14,REJOIN,n06,5,이탈 지속 14.4s
427.09,0:07:07,DROP,n04,3,마지막 HB 이후 10.7s 침묵
428.6,0:07:08,DROP,n03,2,마지막 HB 이후 10.7s 침묵
440.02,0:07:20,REJOIN,n04,3,이탈 지속 12.9s
437.75,0:07:17,DROP,n12,11,마지막 HB 이후 10.1s 침묵
436.99,0:07:16,DROP,n15,14,마지막 HB 이후 10.9s 침묵
438.5,0:07:18,DROP,n11,10,마지막 HB 이후 10.9s 침묵
439.27,0:07:19,DROP,n14,13,마지막 HB 이후 10.1s 침묵
440.02,0:07:20,DROP,n04,3,마지막 HB 이후 10.9s 침묵
440.79,0:07:20,DROP,n10,9,마지막 HB 이후 10.1s 침묵
442.32,0:07:22,DROP,n06,5,마지막 HB 이후 10.1s 침묵
441.56,0:07:21,DROP,n08,7,마지막 HB 이후 10.8s 침묵
443.08,0:07:23,DROP,n07,6,마지막 HB 이후 10.8s 침묵
443.84,0:07:23,DROP,n16,15,마지막 HB 이후 10.1s 침묵
455.15,0:07:35,REJOIN,n16,15,이탈 지속 11.3s
456.66,0:07:36,REJOIN,n15,14,이탈 지속 19.7s
457.44,0:07:37,REJOIN,n04,3,이탈 지속 17.4s
458.19,0:07:38,REJOIN,n12,11,이탈 지속 20.4s
458.96,0:07:38,REJOIN,n14,13,이탈 지속 19.7s
459.71,0:07:39,REJOIN,n11,10,이탈 지속 21.2s
460.47,0:07:40,REJOIN,n10,9,이탈 지속 19.7s
461.24,0:07:41,REJOIN,n08,7,이탈 지속 19.7s
462.0,0:07:42,REJOIN,n06,5,이탈 지속 19.7s
462.78,0:07:42,REJOIN,n07,6,이탈 지속 19.7s
467.34,0:07:47,REJOIN,n03,2,이탈 지속 38.7s
457.44,0:07:37,DROP,n04,3,마지막 HB 이후 10.7s 침묵
472.67,0:07:52,REJOIN,n04,3,이탈 지속 15.2s
464.3,0:07:44,DROP,n15,14,마지막 HB 이후 10.9s 침묵
465.82,0:07:45,DROP,n11,10,마지막 HB 이후 10.9s 침묵
466.58,0:07:46,DROP,n14,13,마지막 HB 이후 10.1s 침묵
467.34,0:07:47,DROP,n03,2,마지막 HB 이후 10.6s 침묵
468.11,0:07:48,DROP,n10,9,마지막 HB 이후 10.6s 침묵
469.63,0:07:49,DROP,n07,6,마지막 HB 이후 10.1s 침묵
468.87,0:07:48,DROP,n08,7,마지막 HB 이후 10.9s 침묵
471.15,0:07:51,DROP,n06,5,마지막 HB 이후 10.1s 침묵
470.39,0:07:50,DROP,n16,15,마지막 HB 이후 10.8s 침묵
472.67,0:07:52,DROP,n04,3,마지막 HB 이후 10.1s 침묵
483.25,0:08:03,REJOIN,n15,14,이탈 지속 18.9s
473.45,0:07:53,DROP,n12,11,마지막 HB 이후 10.6s 침묵
484.02,0:08:04,REJOIN,n14,13,이탈 지속 17.4s
484.79,0:08:04,REJOIN,n11,10,이탈 지속 19.0s
485.54,0:08:05,REJOIN,n03,2,이탈 지속 18.2s
486.3,0:08:06,REJOIN,n04,3,이탈 지속 13.6s
487.06,0:08:07,REJOIN,n10,9,이탈 지속 18.9s
487.82,0:08:07,REJOIN,n08,7,이탈 지속 19.0s
488.58,0:08:08,REJOIN,n16,15,이탈 지속 18.2s
490.11,0:08:10,REJOIN,n06,5,이탈 지속 19.0s
490.87,0:08:10,REJOIN,n12,11,이탈 지속 17.4s
491.63,0:08:11,REJOIN,n07,6,이탈 지속 22.0s
486.3,0:08:06,DROP,n04,3,마지막 HB 이후 10.7s 침묵
489.36,0:08:09,DROP,n03,2,마지막 HB 이후 10.7s 침묵
494.69,0:08:14,DROP,n10,9,마지막 HB 이후 10.6s 침묵
495.45,0:08:15,DROP,n08,7,마지막 HB 이후 10.6s 침묵
506.09,0:08:26,REJOIN,n03,2,이탈 지속 16.7s
496.21,0:08:16,DROP,n06,5,마지막 HB 이후 10.6s 침묵
506.85,0:08:26,REJOIN,n10,9,이탈 지속 12.2s
496.97,0:08:16,DROP,n16,15,마지막 HB 이후 10.6s 침묵
497.73,0:08:17,DROP,n12,11,마지막 HB 이후 10.6s 침묵
508.36,0:08:28,REJOIN,n08,7,이탈 지속 12.9s
498.49,0:08:18,DROP,n07,6,마지막 HB 이후 10.6s 침묵
509.12,0:08:29,REJOIN,n16,15,이탈 지속 12.2s
499.25,0:08:19,DROP,n15,14,마지막 HB 이후 10.6s 침묵
509.88,0:08:29,REJOIN,n12,11,이탈 지속 12.2s
500.03,0:08:20,DROP,n14,13,마지막 HB 이후 10.6s 침묵
510.66,0:08:30,REJOIN,n07,6,이탈 지속 12.2s
511.41,0:08:31,REJOIN,n06,5,이탈 지속 15.2s
512.18,0:08:32,REJOIN,n15,14,이탈 지속 12.9s
512.93,0:08:32,REJOIN,n14,13,이탈 지속 12.9s
515.21,0:08:35,REJOIN,n04,3,이탈 지속 28.9s
507.61,0:08:27,DROP,n03,2,마지막 HB 이후 10.6s 침묵
522.07,0:08:42,REJOIN,n03,2,이탈 지속 14.5s
515.21,0:08:35,DROP,n04,3,마지막 HB 이후 10.1s 침묵
514.45,0:08:34,DROP,n10,9,마지막 HB 이후 10.9s 침묵
516.74,0:08:36,DROP,n06,5,마지막 HB 이후 10.1s 침묵
515.98,0:08:35,DROP,n08,7,마지막 HB 이후 10.9s 침묵
527.37,0:08:47,REJOIN,n10,9,이탈 지속 12.9s
517.5,0:08:37,DROP,n16,15,마지막 HB 이후 10.6s 침묵
528.13,0:08:48,REJOIN,n08,7,이탈 지속 12.1s
518.26,0:08:38,DROP,n07,6,마지막 HB 이후 10.6s 침묵
528.89,0:08:48,REJOIN,n07,6,이탈 지속 10.6s
519.02,0:08:39,DROP,n12,11,마지막 HB 이후 10.6s 침묵
529.64,0:08:49,REJOIN,n16,15,이탈 지속 12.1s
519.78,0:08:39,DROP,n15,14,마지막 HB 이후 10.6s 침묵
530.4,0:08:50,REJOIN,n06,5,이탈 지속 13.7s
520.53,0:08:40,DROP,n14,13,마지막 HB 이후 10.6s 침묵
531.16,0:08:51,REJOIN,n12,11,이탈 지속 12.1s
521.31,0:08:41,DROP,n11,10,마지막 HB 이후 10.6s 침묵
531.94,0:08:51,REJOIN,n15,14,이탈 지속 12.2s
522.07,0:08:42,DROP,n03,2,마지막 HB 이후 10.6s 침묵
532.69,0:08:52,REJOIN,n14,13,이탈 지속 12.2s
533.46,0:08:53,REJOIN,n11,10,이탈 지속 12.1s
534.21,0:08:54,REJOIN,n03,2,이탈 지속 12.1s
539.55,0:08:59,REJOIN,n04,3,이탈 지속 24.3s
531.94,0:08:51,DROP,n15,14,마지막 HB 이후 10.7s 침묵
537.26,0:08:57,DROP,n06,5,마지막 HB 이후 10.9s 침묵
538.03,0:08:58,DROP,n07,6,마지막 HB 이후 10.1s 침묵
538.79,0:08:58,DROP,n16,15,마지막 HB 이후 10.6s 침묵
539.55,0:08:59,DROP,n04,3,마지막 HB 이후 10.6s 침묵
550.18,0:09:10,REJOIN,n06,5,이탈 지속 12.9s
541.07,0:09:01,DROP,n12,11,마지막 HB 이후 10.6s 침묵
551.7,0:09:11,REJOIN,n07,6,이탈 지속 13.7s
541.82,0:09:01,DROP,n14,13,마지막 HB 이후 10.6s 침묵
552.45,0:09:12,REJOIN,n15,14,이탈 지속 20.5s
542.6,0:09:02,DROP,n11,10,마지막 HB 이후 10.6s 침묵
553.23,0:09:13,REJOIN,n12,11,이탈 지속 12.2s
543.36,0:09:03,DROP,n10,9,마지막 HB 이후 10.6s 침묵
554.75,0:09:14,REJOIN,n16,15,이탈 지속 16.0s
555.5,0:09:15,REJOIN,n14,13,이탈 지속 13.7s
556.27,0:09:16,REJOIN,n11,10,이탈 지속 13.7s
557.03,0:09:17,REJOIN,n10,9,이탈 지속 13.7s
559.33,0:09:19,REJOIN,n04,3,이탈 지속 19.8s
553.99,0:09:13,DROP,n03,2,마지막 HB 이후 10.7s 침묵
560.09,0:09:20,DROP,n07,6,마지막 HB 이후 10.9s 침묵
560.85,0:09:20,DROP,n16,15,마지막 HB 이후 10.1s 침묵
561.61,0:09:21,DROP,n15,14,마지막 HB 이후 10.6s 침묵
562.37,0:09:22,DROP,n04,3,마지막 HB 이후 10.6s 침묵
573.01,0:09:33,REJOIN,n04,3,이탈 지속 10.6s
563.13,0:09:23,DROP,n12,11,마지막 HB 이후 10.6s 침묵
573.77,0:09:33,REJOIN,n07,6,이탈 지속 13.7s
563.9,0:09:23,DROP,n14,13,마지막 HB 이후 10.6s 침묵
574.54,0:09:34,REJOIN,n12,11,이탈 지속 11.4s
564.66,0:09:24,DROP,n11,10,마지막 HB 이후 10.6s 침묵
575.3,0:09:35,REJOIN,n16,15,이탈 지속 14.4s
565.42,0:09:25,DROP,n10,9,마지막 HB 이후 10.6s 침묵
576.07,0:09:36,REJOIN,n15,14,이탈 지속 14.5s
576.82,0:09:36,REJOIN,n14,13,이탈 지속 12.9s
577.59,0:09:37,REJOIN,n11,10,이탈 지속 12.9s
578.34,0:09:38,REJOIN,n10,9,이탈 지속 12.9s
579.88,0:09:39,REJOIN,n03,2,이탈 지속 25.9s
573.01,0:09:33,DROP,n04,3,마지막 HB 이후 10.7s 침묵
585.21,0:09:45,REJOIN,n04,3,이탈 지속 12.2s
579.88,0:09:39,DROP,n03,2,마지막 HB 이후 10.9s 침묵
581.39,0:09:41,DROP,n07,6,마지막 HB 이후 10.9s 침묵
582.16,0:09:42,DROP,n16,15,마지막 HB 이후 10.1s 침묵
582.91,0:09:42,DROP,n12,11,마지막 HB 이후 10.9s 침묵
583.68,0:09:43,DROP,n15,14,마지막 HB 이후 10.1s 침묵
584.43,0:09:44,DROP,n14,13,마지막 HB 이후 10.6s 침묵
585.97,0:09:45,DROP,n11,10,마지막 HB 이후 10.6s 침묵
596.59,0:09:56,REJOIN,n07,6,이탈 지속 15.2s
586.73,0:09:46,DROP,n10,9,마지막 HB 이후 10.6s 침묵
587.49,0:09:47,DROP,n08,7,마지막 HB 이후 10.6s 침묵
598.11,0:09:58,REJOIN,n16,15,이탈 지속 16.0s
598.87,0:09:58,REJOIN,n15,14,이탈 지속 15.2s
600.39,0:10:00,REJOIN,n12,11,이탈 지속 17.5s
601.16,0:10:01,REJOIN,n11,10,이탈 지속 15.2s
602.68,0:10:02,REJOIN,n14,13,이탈 지속 18.2s
603.44,0:10:03,REJOIN,n03,2,이탈 지속 23.6s
604.2,0:10:04,REJOIN,n10,9,이탈 지속 17.5s
604.96,0:10:04,REJOIN,n08,7,이탈 지속 17.5s
595.07,0:09:55,DROP,n06,5,마지막 HB 이후 10.6s 침묵
605.72,0:10:05,REJOIN,n06,5,이탈 지속 10.6s
601.92,0:10:01,DROP,n04,3,마지막 HB 이후 10.7s 침묵
603.44,0:10:03,DROP,n03,2,마지막 HB 이후 10.2s 침묵
604.96,0:10:04,DROP,n08,7,마지막 HB 이후 10.1s 침묵
605.72,0:10:05,DROP,n06,5,마지막 HB 이후 10.6s 침묵
617.14,0:10:17,REJOIN,n03,2,이탈 지속 13.7s
607.26,0:10:07,DROP,n16,15,마지막 HB 이후 10.6s 침묵
617.89,0:10:17,REJOIN,n08,7,이탈 지속 12.9s
608.02,0:10:08,DROP,n15,14,마지막 HB 이후 10.6s 침묵
618.65,0:10:18,REJOIN,n06,5,이탈 지속 12.9s
608.78,0:10:08,DROP,n12,11,마지막 HB 이후 10.6s 침묵
609.54,0:10:09,DROP,n14,13,마지막 HB 이후 10.6s 침묵
620.17,0:10:20,REJOIN,n12,11,이탈 지속 11.4s
610.29,0:10:10,DROP,n11,10,마지막 HB 이후 10.6s 침묵
620.93,0:10:20,REJOIN,n15,14,이탈 지속 12.9s
621.69,0:10:21,REJOIN,n16,15,이탈 지속 14.4s
622.46,0:10:22,REJOIN,n14,13,이탈 지속 12.9s
623.22,0:10:23,REJOIN,n11,10,이탈 지속 12.9s
627.02,0:10:27,REJOIN,n04,3,이탈 지속 25.1s
624.74,0:10:24,DROP,n03,2,마지막 HB 이후 10.2s 침묵
625.5,0:10:25,DROP,n08,7,마지막 HB 이후 10.9s 침묵
627.8,0:10:27,DROP,n07,6,마지막 HB 이후 10.6s 침묵
628.56,0:10:28,DROP,n16,15,마지막 HB 이후 10.6s 침묵
629.32,0:10:29,DROP,n12,11,마지막 HB 이후 10.6s 침묵
639.95,0:10:39,REJOIN,n08,7,이탈 지속 14.5s
630.08,0:10:30,DROP,n15,14,마지막 HB 이후 10.6s 침묵
640.71,0:10:40,REJOIN,n03,2,이탈 지속 16.0s
630.84,0:10:30,DROP,n14,13,마지막 HB 이후 10.6s 침묵
641.47,0:10:41,REJOIN,n07,6,이탈 지속 13.7s
642.23,0:10:42,REJOIN,n16,15,이탈 지속 13.7s
632.36,0:10:32,DROP,n10,9,마지막 HB 이후 10.6s 침묵
642.99,0:10:42,REJOIN,n15,14,이탈 지속 12.9s
633.13,0:10:33,DROP,n04,3,마지막 HB 이후 10.6s 침묵
643.76,0:10:43,REJOIN,n14,13,이탈 지속 12.9s
645.28,0:10:45,REJOIN,n12,11,이탈 지속 16.0s
646.8,0:10:46,REJOIN,n04,3,이탈 지속 13.7s
647.56,0:10:47,REJOIN,n10,9,이탈 지속 15.2s
644.52,0:10:44,DROP,n03,2,마지막 HB 이후 10.7s 침묵
646.8,0:10:46,DROP,n04,3,마지막 HB 이후 10.9s 침묵
649.85,0:10:49,DROP,n07,6,마지막 HB 이후 10.6s 침묵
660.48,0:11:00,REJOIN,n04,3,이탈 지속 13.7s
650.62,0:10:50,DROP,n16,15,마지막 HB 이후 10.6s 침묵
661.25,0:11:01,REJOIN,n03,2,이탈 지속 16.7s
651.37,0:10:51,DROP,n12,11,마지막 HB 이후 10.6s 침묵
662.0,0:11:02,REJOIN,n07,6,이탈 지속 12.1s
652.13,0:10:52,DROP,n15,14,마지막 HB 이후 10.6s 침묵
652.89,0:10:52,DROP,n14,13,마지막 HB 이후 10.6s 침묵
653.65,0:10:53,DROP,n10,9,마지막 HB 이후 10.6s 침묵
664.28,0:11:04,REJOIN,n16,15,이탈 지속 13.7s
654.43,0:10:54,DROP,n11,10,마지막 HB 이후 10.6s 침묵
665.05,0:11:05,REJOIN,n15,14,이탈 지속 12.9s
665.82,0:11:05,REJOIN,n11,10,이탈 지속 11.4s
666.57,0:11:06,REJOIN,n12,11,이탈 지속 15.2s
667.33,0:11:07,REJOIN,n14,13,이탈 지속 14.4s
668.09,0:11:08,REJOIN,n10,9,이탈 지속 14.4s
660.48,0:11:00,DROP,n04,3,마지막 HB 이후 10.7s 침묵
661.25,0:11:01,DROP,n03,2,마지막 HB 이후 10.6s 침묵
673.42,0:11:13,REJOIN,n04,3,이탈 지속 12.9s
675.72,0:11:15,REJOIN,n03,2,이탈 지속 14.5s
669.61,0:11:09,DROP,n06,5,마지막 HB 이후 10.6s 침묵
670.38,0:11:10,DROP,n07,6,마지막 HB 이후 10.6s 침묵
671.91,0:11:11,DROP,n12,11,마지막 HB 이후 10.1s 침묵
671.14,0:11:11,DROP,n16,15,마지막 HB 이후 10.9s 침묵
682.53,0:11:22,REJOIN,n06,5,이탈 지속 12.9s
672.66,0:11:12,DROP,n15,14,마지막 HB 이후 10.6s 침묵
673.42,0:11:13,DROP,n04,3,마지막 HB 이후 10.6s 침묵
684.05,0:11:24,REJOIN,n07,6,이탈 지속 13.7s
674.18,0:11:14,DROP,n14,13,마지막 HB 이후 10.6s 침묵
684.81,0:11:24,REJOIN,n16,15,이탈 지속 13.7s
674.94,0:11:14,DROP,n11,10,마지막 HB 이후 10.6s 침묵
685.57,0:11:25,REJOIN,n12,11,이탈 지속 13.7s
675.72,0:11:15,DROP,n03,2,마지막 HB 이후 10.6s 침묵
686.34,0:11:26,REJOIN,n15,14,이탈 지속 13.7s
676.48,0:11:16,DROP,n10,9,마지막 HB 이후 10.6s 침묵
687.11,0:11:27,REJOIN,n14,13,이탈 지속 12.9s
687.86,0:11:27,REJOIN,n10,9,이탈 지속 11.4s
688.62,0:11:28,REJOIN,n11,10,이탈 지속 13.7s
689.38,0:11:29,REJOIN,n03,2,이탈 지속 13.7s
697.02,0:11:37,REJOIN,n04,3,이탈 지속 23.6s
691.68,0:11:31,DROP,n07,6,마지막 HB 이후 10.7s 침묵
693.2,0:11:33,DROP,n15,14,마지막 HB 이후 10.1s 침묵
692.44,0:11:32,DROP,n16,15,마지막 HB 이후 10.9s 침묵
694.72,0:11:34,DROP,n10,9,마지막 HB 이후 10.1s 침묵
693.96,0:11:33,DROP,n14,13,마지막 HB 이후 10.9s 침묵
695.48,0:11:35,DROP,n12,11,마지막 HB 이후 10.6s 침묵
696.24,0:11:36,DROP,n11,10,마지막 HB 이후 10.6s 침묵
707.64,0:11:47,REJOIN,n07,6,이탈 지속 16.0s
709.16,0:11:49,REJOIN,n16,15,이탈 지속 16.7s
709.93,0:11:49,REJOIN,n15,14,이탈 지속 16.7s
710.68,0:11:50,REJOIN,n12,11,이탈 지속 15.2s
711.44,0:11:51,REJOIN,n14,13,이탈 지속 17.5s
712.2,0:11:52,REJOIN,n11,10,이탈 지속 16.0s
712.98,0:11:52,REJOIN,n10,9,이탈 지속 18.3s
713.73,0:11:53,DROP,n04,3,마지막 HB 이후 10.9s 침묵
715.25,0:11:55,DROP,n03,2,마지막 HB 이후 10.9s 침묵
716.01,0:11:56,DROP,n06,5,마지막 HB 이후 10.1s 침묵
717.53,0:11:57,DROP,n16,15,마지막 HB 이후 10.1s 침묵
719.07,0:11:59,DROP,n12,11,마지막 HB 이후 10.1s 침묵
718.31,0:11:58,DROP,n15,14,마지막 HB 이후 10.9s 침묵
719.83,0:11:59,DROP,n11,10,마지막 HB 이후 10.8s 침묵
720.59,0:12:00,DROP,n14,13,마지막 HB 이후 10.1s 침묵
731.18,0:12:11,REJOIN,n03,2,이탈 지속 15.9s
722.11,0:12:02,DROP,n07,6,마지막 HB 이후 10.1s 침묵
721.35,0:12:01,DROP,n10,9,마지막 HB 이후 10.8s 침묵
733.46,0:12:13,REJOIN,n04,3,이탈 지속 19.7s
734.99,0:12:14,REJOIN,n07,6,이탈 지속 12.9s
735.75,0:12:15,REJOIN,n06,5,이탈 지속 19.7s
736.51,0:12:16,REJOIN,n16,15,이탈 지속 19.0s
737.27,0:12:17,REJOIN,n15,14,이탈 지속 19.0s
738.02,0:12:18,REJOIN,n12,11,이탈 지속 19.0s
738.79,0:12:18,REJOIN,n14,13,이탈 지속 18.2s
739.56,0:12:19,REJOIN,n11,10,이탈 지속 19.7s
740.33,0:12:20,REJOIN,n10,9,이탈 지속 19.0s
733.46,0:12:13,DROP,n04,3,마지막 HB 이후 10.7s 침묵
734.23,0:12:14,DROP,n03,2,마지막 HB 이후 10.7s 침묵
747.19,0:12:27,REJOIN,n04,3,이탈 지속 13.7s
749.47,0:12:29,REJOIN,n03,2,이탈 지속 15.2s
741.85,0:12:21,DROP,n06,5,마지막 HB 이후 10.1s 침묵
741.09,0:12:21,DROP,n08,7,마지막 HB 이후 10.9s 침묵
742.61,0:12:22,DROP,n07,6,마지막 HB 이후 10.9s 침묵
743.37,0:12:23,DROP,n16,15,마지막 HB 이후 10.1s 침묵
744.13,0:12:24,DROP,n15,14,마지막 HB 이후 10.6s 침묵
744.91,0:12:24,DROP,n12,11,마지막 HB 이후 10.6s 침묵
745.67,0:12:25,DROP,n11,10,마지막 HB 이후 10.8s 침묵
746.43,0:12:26,DROP,n14,13,마지막 HB 이후 10.1s 침묵
747.95,0:12:27,DROP,n10,9,마지막 HB 이후 10.1s 침묵
749.47,0:12:29,DROP,n03,2,마지막 HB 이후 10.0s 침묵
748.7,0:12:28,DROP,n04,3,마지막 HB 이후 10.8s 침묵
762.29,0:12:42,REJOIN,n14,13,이탈 지속 15.9s
763.05,0:12:43,REJOIN,n11,10,이탈 지속 17.4s
763.81,0:12:43,REJOIN,n03,2,이탈 지속 14.3s
764.57,0:12:44,REJOIN,n10,9,이탈 지속 16.6s
765.33,0:12:45,REJOIN,n08,7,이탈 지속 24.2s
766.11,0:12:46,REJOIN,n16,15,이탈 지속 22.7s
766.86,0:12:46,REJOIN,n04,3,이탈 지속 18.2s
767.62,0:12:47,REJOIN,n07,6,이탈 지속 25.0s
768.38,0:12:48,REJOIN,n12,11,이탈 지속 23.5s
769.14,0:12:49,REJOIN,n06,5,이탈 지속 27.3s
769.9,0:12:49,REJOIN,n15,14,이탈 지속 25.8s
763.81,0:12:43,DROP,n03,2,마지막 HB 이후 10.7s 침묵
766.86,0:12:46,DROP,n04,3,마지막 HB 이후 10.7s 침묵
777.53,0:12:57,REJOIN,n03,2,이탈 지속 13.7s
779.05,0:12:59,REJOIN,n04,3,이탈 지속 12.2s
772.19,0:12:52,DROP,n10,9,마지막 HB 이후 10.2s 침묵
772.96,0:12:52,DROP,n08,7,마지막 HB 이후 10.9s 침묵
773.72,0:12:53,DROP,n16,15,마지막 HB 이후 10.1s 침묵
784.36,0:13:04,REJOIN,n08,7,이탈 지속 11.4s
774.48,0:12:54,DROP,n06,5,마지막 HB 이후 10.6s 침묵
785.12,0:13:05,REJOIN,n06,5,이탈 지속 10.6s
775.24,0:12:55,DROP,n07,6,마지막 HB 이후 10.6s 침묵
776.0,0:12:55,DROP,n12,11,마지막 HB 이후 10.6s 침묵
786.64,0:13:06,REJOIN,n07,6,이탈 지속 11.4s
776.78,0:12:56,DROP,n15,14,마지막 HB 이후 10.6s 침묵
787.41,0:13:07,REJOIN,n16,15,이탈 지속 13.7s
777.53,0:12:57,DROP,n03,2,마지막 HB 이후 10.6s 침묵
788.17,0:13:08,REJOIN,n15,14,이탈 지속 11.4s
778.29,0:12:58,DROP,n14,13,마지막 HB 이후 10.6s 침묵
788.93,0:13:08,REJOIN,n14,13,이탈 지속 10.6s
789.69,0:13:09,REJOIN,n12,11,이탈 지속 13.7s
779.81,0:12:59,DROP,n11,10,마지막 HB 이후 10.6s 침묵
790.45,0:13:10,REJOIN,n11,10,이탈 지속 10.6s
791.21,0:13:11,REJOIN,n10,9,이탈 지속 19.0s
791.97,0:13:11,REJOIN,n03,2,이탈 지속 14.4s
785.88,0:13:05,DROP,n04,3,마지막 HB 이후 10.6s 침묵
800.35,0:13:20,REJOIN,n04,3,이탈 지속 14.5s
795.02,0:13:15,DROP,n07,6,마지막 HB 이후 10.1s 침묵
794.26,0:13:14,DROP,n16,15,마지막 HB 이후 10.9s 침묵
795.78,0:13:15,DROP,n12,11,마지막 HB 이후 10.6s 침묵
796.54,0:13:16,DROP,n15,14,마지막 HB 이후 10.6s 침묵
797.3,0:13:17,DROP,n14,13,마지막 HB 이후 10.6s 침묵
798.07,0:13:18,DROP,n11,10,마지막 HB 이후 10.6s 침묵
808.7,0:13:28,REJOIN,n07,6,이탈 지속 13.7s
798.83,0:13:18,DROP,n10,9,마지막 HB 이후 10.6s 침묵
809.46,0:13:29,REJOIN,n15,14,이탈 지속 12.9s
799.59,0:13:19,DROP,n03,2,마지막 HB 이후 10.6s 침묵
810.22,0:13:30,REJOIN,n14,13,이탈 지속 12.9s
810.98,0:13:30,REJOIN,n10,9,이탈 지속 12.1s
811.74,0:13:31,REJOIN,n16,15,이탈 지속 17.5s
812.49,0:13:32,REJOIN,n11,10,이탈 지속 14.4s
813.26,0:13:33,REJOIN,n12,11,이탈 지속 17.5s
814.03,0:13:34,REJOIN,n03,2,이탈 지속 14.4s
807.92,0:13:27,DROP,n04,3,마지막 HB 이후 10.7s 침묵
822.41,0:13:42,REJOIN,n04,3,이탈 지속 14.5s
814.03,0:13:34,DROP,n03,2,마지막 HB 이후 10.9s 침묵
816.31,0:13:36,DROP,n16,15,마지막 HB 이후 10.1s 침묵
817.83,0:13:37,DROP,n07,6,마지막 HB 이후 10.1s 침묵
817.07,0:13:37,DROP,n15,14,마지막 HB 이후 10.9s 침묵
818.59,0:13:38,DROP,n14,13,마지막 HB 이후 10.6s 침묵
819.37,0:13:39,DROP,n12,11,마지막 HB 이후 10.6s 침묵
820.12,0:13:40,DROP,n11,10,마지막 HB 이후 10.6s 침묵
830.76,0:13:50,REJOIN,n16,15,이탈 지속 14.4s
820.89,0:13:40,DROP,n10,9,마지막 HB 이후 10.6s 침묵
831.52,0:13:51,REJOIN,n07,6,이탈 지속 13.7s
832.28,0:13:52,REJOIN,n12,11,이탈 지속 12.9s
833.04,0:13:53,REJOIN,n15,14,이탈 지속 16.0s
833.79,0:13:53,REJOIN,n14,13,이탈 지속 15.2s
834.56,0:13:54,REJOIN,n11,10,이탈 지속 14.4s
835.33,0:13:55,REJOIN,n03,2,이탈 지속 21.3s
836.09,0:13:56,REJOIN,n10,9,이탈 지속 15.2s
830.0,0:13:50,DROP,n04,3,마지막 HB 이후 10.7s 침묵
841.42,0:14:01,REJOIN,n04,3,이탈 지속 11.4s
839.13,0:13:59,DROP,n12,11,마지막 HB 이후 10.1s 침묵
838.36,0:13:58,DROP,n16,15,마지막 HB 이후 10.9s 침묵
839.88,0:13:59,DROP,n07,6,마지막 HB 이후 10.6s 침묵
840.66,0:14:00,DROP,n15,14,마지막 HB 이후 10.6s 침묵
841.42,0:14:01,DROP,n04,3,마지막 HB 이후 10.6s 침묵
852.04,0:14:12,REJOIN,n04,3,이탈 지속 10.6s
842.94,0:14:02,DROP,n11,10,마지막 HB 이후 10.6s 침묵
843.7,0:14:03,DROP,n03,2,마지막 HB 이후 10.6s 침묵
855.08,0:14:15,REJOIN,n07,6,이탈 지속 15.2s
856.61,0:14:16,REJOIN,n16,15,이탈 지속 18.2s
857.37,0:14:17,REJOIN,n12,11,이탈 지속 18.2s
858.13,0:14:18,REJOIN,n03,2,이탈 지속 14.4s
858.89,0:14:18,REJOIN,n15,14,이탈 지속 18.2s
860.41,0:14:20,REJOIN,n11,10,이탈 지속 17.5s
854.32,0:14:14,DROP,n04,3,마지막 HB 이후 10.7s 침묵
858.13,0:14:18,DROP,n03,2,마지막 HB 이후 10.7s 침묵
868.8,0:14:28,REJOIN,n03,2,이탈 지속 10.7s
862.7,0:14:22,DROP,n06,5,마지막 HB 이후 10.9s 침묵
863.47,0:14:23,DROP,n07,6,마지막 HB 이후 10.1s 침묵
864.22,0:14:24,DROP,n16,15,마지막 HB 이후 10.6s 침묵
864.99,0:14:24,DROP,n15,14,마지막 HB 이후 10.6s 침묵
877.15,0:14:37,REJOIN,n04,3,이탈 지속 22.8s
878.68,0:14:38,REJOIN,n06,5,이탈 지속 16.0s
880.2,0:14:40,REJOIN,n16,15,이탈 지속 16.0s
880.95,0:14:40,REJOIN,n07,6,이탈 지속 17.5s
881.72,0:14:41,REJOIN,n15,14,이탈 지속 16.7s
877.92,0:14:37,DROP,n03,2,마지막 HB 이후 10.7s 침묵
884.77,0:14:44,DROP,n10,9,마지막 HB 이후 10.1s 침묵
885.53,0:14:45,DROP,n04,3,마지막 HB 이후 10.6s 침묵
886.29,0:14:46,DROP,n06,5,마지막 HB 이후 10.6s 침묵
887.05,0:14:47,DROP,n08,7,마지막 HB 이후 10.6s 침묵
897.68,0:14:57,REJOIN,n03,2,이탈 지속 19.8s
887.81,0:14:47,DROP,n16,15,마지막 HB 이후 10.6s 침묵
898.44,0:14:58,REJOIN,n10,9,이탈 지속 13.7s
888.58,0:14:48,DROP,n07,6,마지막 HB 이후 10.6s 침묵
889.35,0:14:49,DROP,n12,11,마지막 HB 이후 10.6s 침묵
899.97,0:14:59,REJOIN,n08,7,이탈 지속 12.9s
890.1,0:14:50,DROP,n15,14,마지막 HB 이후 10.6s 침묵
900.73,0:15:00,REJOIN,n06,5,이탈 지속 14.4s
901.49,0:15:01,REJOIN,n16,15,이탈 지속 13.7s
902.25,0:15:02,REJOIN,n07,6,이탈 지속 13.7s
903.01,0:15:03,REJOIN,n15,14,이탈 지속 12.9s
903.76,0:15:03,REJOIN,n12,11,이탈 지속 14.4s
904.54,0:15:04,REJOIN,n04,3,이탈 지속 19.0s
899.21,0:14:59,DROP,n03,2,마지막 HB 이후 10.7s 침묵
913.67,0:15:13,REJOIN,n03,2,이탈 지속 14.5s
904.54,0:15:04,DROP,n04,3,마지막 HB 이후 10.7s 침묵
907.58,0:15:07,DROP,n08,7,마지막 HB 이후 10.1s 침묵
906.82,0:15:06,DROP,n10,9,마지막 HB 이후 10.9s 침묵
908.34,0:15:08,DROP,n06,5,마지막 HB 이후 10.6s 침묵
909.1,0:15:09,DROP,n16,15,마지막 HB 이후 10.6s 침묵
919.74,0:15:19,REJOIN,n10,9,이탈 지속 12.9s
909.87,0:15:09,DROP,n07,6,마지막 HB 이후 10.6s 침묵
920.51,0:15:20,REJOIN,n08,7,이탈 지속 12.9s
910.63,0:15:10,DROP,n15,14,마지막 HB 이후 10.6s 침묵
921.28,0:15:21,REJOIN,n07,6,이탈 지속 11.4s
911.39,0:15:11,DROP,n12,11,마지막 HB 이후 10.6s 침묵
922.04,0:15:22,REJOIN,n06,5,이탈 지속 13.7s
922.8,0:15:22,REJOIN,n16,15,이탈 지속 13.7s
923.55,0:15:23,REJOIN,n04,3,이탈 지속 19.0s
913.67,0:15:13,DROP,n03,2,마지막 HB 이후 10.6s 침묵
924.32,0:15:24,REJOIN,n15,14,이탈 지속 13.7s
925.07,0:15:25,REJOIN,n12,11,이탈 지속 13.7s
927.37,0:15:27,REJOIN,n03,2,이탈 지속 13.7s
921.28,0:15:21,DROP,n07,6,마지막 HB 이후 10.7s 침묵
931.94,0:15:31,REJOIN,n07,6,이탈 지속 10.7s
927.37,0:15:27,DROP,n03,2,마지막 HB 이후 10.1s 침묵
928.89,0:15:28,DROP,n04,3,마지막 HB 이후 10.1s 침묵
928.12,0:15:28,DROP,n10,9,마지막 HB 이후 10.9s 침묵
929.65,0:15:29,DROP,n08,7,마지막 HB 이후 10.6s 침묵
930.41,0:15:30,DROP,n06,5,마지막 HB 이후 10.6s 침묵
931.18,0:15:31,DROP,n16,15,마지막 HB 이후 10.6s 침묵
931.94,0:15:31,DROP,n07,6,마지막 HB 이후 10.6s 침묵
942.57,0:15:42,REJOIN,n04,3,이탈 지속 13.7s
932.7,0:15:32,DROP,n15,14,마지막 HB 이후 10.6s 침묵
943.32,0:15:43,REJOIN,n10,9,이탈 지속 15.2s
944.08,0:15:44,REJOIN,n03,2,이탈 지속 16.7s
945.6,0:15:45,REJOIN,n06,5,이탈 지속 15.2s
946.36,0:15:46,REJOIN,n08,7,이탈 지속 16.7s
947.14,0:15:47,REJOIN,n16,15,이탈 지속 16.0s
947.89,0:15:47,REJOIN,n15,14,이탈 지속 15.2s
948.65,0:15:48,REJOIN,n07,6,이탈 지속 16.7s
944.08,0:15:44,DROP,n03,2,마지막 HB 이후 10.7s 침묵
944.84,0:15:44,DROP,n04,3,마지막 HB 이후 10.7s 침묵
950.93,0:15:50,DROP,n10,9,마지막 HB 이후 10.9s 침묵
952.47,0:15:52,DROP,n06,5,마지막 HB 이후 10.6s 침묵
953.23,0:15:53,DROP,n08,7,마지막 HB 이후 10.6s 침묵
953.99,0:15:53,DROP,n16,15,마지막 HB 이후 10.6s 침묵
964.64,0:16:04,REJOIN,n04,3,이탈 지속 19.8s
954.75,0:15:54,DROP,n07,6,마지막 HB 이후 10.6s 침묵
965.4,0:16:05,REJOIN,n10,9,이탈 지속 14.5s
955.51,0:15:55,DROP,n15,14,마지막 HB 이후 10.6s 침묵
966.16,0:16:06,REJOIN,n08,7,이탈 지속 12.9s
966.92,0:16:06,REJOIN,n06,5,이탈 지속 14.4s
967.68,0:16:07,REJOIN,n07,6,이탈 지속 12.9s
968.45,0:16:08,REJOIN,n16,15,이탈 지속 14.5s
969.21,0:16:09,REJOIN,n15,14,이탈 지속 13.7s
973.78,0:16:13,REJOIN,n03,2,이탈 지속 29.7s
972.24,0:16:12,DROP,n04,3,마지막 HB 이후 10.9s 침묵
973.78,0:16:13,DROP,n03,2,마지막 HB 이후 10.9s 침묵
974.55,0:16:14,DROP,n08,7,마지막 HB 이후 10.1s 침묵
975.3,0:16:15,DROP,n06,5,마지막 HB 이후 10.6s 침묵
985.95,0:16:25,REJOIN,n03,2,이탈 지속 12.2s
976.06,0:16:16,DROP,n07,6,마지막 HB 이후 10.6s 침묵
976.82,0:16:16,DROP,n16,15,마지막 HB 이후 10.6s 침묵
978.34,0:16:18,DROP,n12,11,마지막 HB 이후 10.6s 침묵
988.98,0:16:28,REJOIN,n08,7,이탈 지속 14.4s
989.76,0:16:29,REJOIN,n16,15,이탈 지속 12.9s
990.51,0:16:30,REJOIN,n04,3,이탈 지속 18.3s
991.28,0:16:31,REJOIN,n07,6,이탈 지속 15.2s
992.03,0:16:32,REJOIN,n06,5,이탈 지속 16.7s
992.79,0:16:32,REJOIN,n12,11,이탈 지속 14.5s
994.31,0:16:34,DROP,n03,2,마지막 HB 이후 10.1s 침묵
995.85,0:16:35,DROP,n11,10,마지막 HB 이후 10.1s 침묵
997.37,0:16:37,DROP,n08,7,마지막 HB 이후 10.1s 침묵
996.61,0:16:36,DROP,n10,9,마지막 HB 이후 10.9s 침묵
998.13,0:16:38,DROP,n06,5,마지막 HB 이후 10.9s 침묵
998.89,0:16:38,DROP,n16,15,마지막 HB 이후 10.1s 침묵
999.65,0:16:39,DROP,n12,11,마지막 HB 이후 10.6s 침묵
1000.43,0:16:40,DROP,n04,3,마지막 HB 이후 10.6s 침묵
1001.18,0:16:41,DROP,n07,6,마지막 HB 이후 10.8s 침묵
1001.95,0:16:41,DROP,n15,14,마지막 HB 이후 10.1s 침묵
1002.7,0:16:42,DROP,n14,13,마지막 HB 이후 10.8s 침묵
1024.57,0:17:04,REJOIN,n10,9,이탈 지속 28.0s
1025.33,0:17:05,REJOIN,n08,7,이탈 지속 28.0s
1026.09,0:17:06,REJOIN,n16,15,이탈 지속 27.2s
1026.86,0:17:06,REJOIN,n12,11,이탈 지속 27.2s
1027.63,0:17:07,REJOIN,n04,3,이탈 지속 27.2s
1028.38,0:17:08,REJOIN,n06,5,이탈 지속 30.3s
1029.15,0:17:09,REJOIN,n07,6,이탈 지속 28.0s
1030.66,0:17:10,REJOIN,n15,14,이탈 지속 28.7s
1031.42,0:17:11,REJOIN,n03,2,이탈 지속 37.1s
1032.2,0:17:12,REJOIN,n14,13,이탈 지속 29.5s
1032.96,0:17:12,REJOIN,n11,10,이탈 지속 37.1s
1029.9,0:17:09,DROP,n04,3,마지막 HB 이후 10.7s 침묵
1041.33,0:17:21,REJOIN,n04,3,이탈 지속 11.4s
1031.42,0:17:11,DROP,n03,2,마지막 HB 이후 10.7s 침묵
1035.24,0:17:15,DROP,n06,5,마지막 HB 이후 10.1s 침묵
1036.0,0:17:15,DROP,n16,15,마지막 HB 이후 10.6s 침묵
1046.63,0:17:26,REJOIN,n16,15,이탈 지속 10.6s
1036.76,0:17:16,DROP,n12,11,마지막 HB 이후 10.6s 침묵
1047.39,0:17:27,REJOIN,n03,2,이탈 지속 16.0s
1037.53,0:17:17,DROP,n07,6,마지막 HB 이후 10.6s 침묵
1048.17,0:17:28,REJOIN,n07,6,이탈 지속 10.6s
1038.29,0:17:18,DROP,n15,14,마지막 HB 이후 10.6s 침묵
1048.93,0:17:28,REJOIN,n15,14,이탈 지속 10.6s
1039.05,0:17:19,DROP,n14,13,마지막 HB 이후 10.6s 침묵
1049.69,0:17:29,REJOIN,n12,11,이탈 지속 12.9s
1039.81,0:17:19,DROP,n11,10,마지막 HB 이후 10.6s 침묵
1050.45,0:17:30,REJOIN,n11,10,이탈 지속 10.6s
1040.57,0:17:20,DROP,n10,9,마지막 HB 이후 10.6s 침묵
1051.2,0:17:31,REJOIN,n14,13,이탈 지속 12.2s
1041.33,0:17:21,DROP,n04,3,마지막 HB 이후 10.6s 침묵
1051.97,0:17:31,REJOIN,n10,9,이탈 지속 11.4s
1042.09,0:17:22,DROP,n08,7,마지막 HB 이후 10.6s 침묵
1052.72,0:17:32,REJOIN,n04,3,이탈 지속 11.4s
1053.5,0:17:33,REJOIN,n08,7,이탈 지속 11.4s
1054.25,0:17:34,REJOIN,n06,5,이탈 지속 19.0s
1047.39,0:17:27,DROP,n03,2,마지막 HB 이후 10.7s 침묵
1059.59,0:17:39,REJOIN,n03,2,이탈 지속 12.2s
1055.77,0:17:35,DROP,n07,6,마지막 HB 이후 10.9s 침묵
1056.53,0:17:36,DROP,n15,14,마지막 HB 이후 10.1s 침묵
1057.29,0:17:37,DROP,n12,11,마지막 HB 이후 10.9s 침묵
1058.06,0:17:38,DROP,n14,13,마지막 HB 이후 10.1s 침묵
1058.83,0:17:38,DROP,n11,10,마지막 HB 이후 10.6s 침묵
1069.46,0:17:49,REJOIN,n07,6,이탈 지속 13.7s
1059.59,0:17:39,DROP,n03,2,마지막 HB 이후 10.6s 침묵
1070.22,0:17:50,REJOIN,n15,14,이탈 지속 13.7s
1060.35,0:17:40,DROP,n04,3,마지막 HB 이후 10.6s 침묵
1070.98,0:17:50,REJOIN,n14,13,이탈 지속 12.9s
1061.11,0:17:41,DROP,n10,9,마지막 HB 이후 10.6s 침묵
1071.74,0:17:51,REJOIN,n12,11,이탈 지속 14.4s
1061.87,0:17:41,DROP,n08,7,마지막 HB 이후 10.6s 침묵
1072.5,0:17:52,REJOIN,n11,10,이탈 지속 13.7s
1062.63,0:17:42,DROP,n06,5,마지막 HB 이후 10.6s 침묵
1073.26,0:17:53,REJOIN,n10,9,이탈 지속 12.2s
1074.02,0:17:54,REJOIN,n04,3,이탈 지속 13.7s
1074.79,0:17:54,REJOIN,n06,5,이탈 지속 12.2s
1075.55,0:17:55,REJOIN,n08,7,이탈 지속 13.7s
1077.07,0:17:57,REJOIN,n03,2,이탈 지속 17.5s
1074.02,0:17:54,DROP,n04,3,마지막 HB 이후 10.7s 침묵
1086.21,0:18:06,REJOIN,n04,3,이탈 지속 12.2s
1077.07,0:17:57,DROP,n03,2,마지막 HB 이후 10.9s 침묵
1079.35,0:17:59,DROP,n12,11,마지막 HB 이후 10.1s 침묵
1078.59,0:17:58,DROP,n15,14,마지막 HB 이후 10.9s 침묵
1080.13,0:18:00,DROP,n14,13,마지막 HB 이후 10.6s 침묵
1080.89,0:18:00,DROP,n10,9,마지막 HB 이후 10.6s 침묵
1081.65,0:18:01,DROP,n11,10,마지막 HB 이후 10.6s 침묵
1092.27,0:18:12,REJOIN,n03,2,이탈 지속 15.2s
1082.41,0:18:02,DROP,n06,5,마지막 HB 이후 10.6s 침묵
1083.16,0:18:03,DROP,n08,7,마지막 HB 이후 10.6s 침묵
1093.79,0:18:13,REJOIN,n15,14,이탈 지속 15.2s
1094.55,0:18:14,REJOIN,n12,11,이탈 지속 15.2s
1095.31,0:18:15,REJOIN,n14,13,이탈 지속 15.2s
1096.09,0:18:16,REJOIN,n10,9,이탈 지속 15.2s
1096.84,0:18:16,REJOIN,n11,10,이탈 지속 15.2s
1097.6,0:18:17,REJOIN,n06,5,이탈 지속 15.2s
1098.36,0:18:18,REJOIN,n08,7,이탈 지속 15.2s
1090.75,0:18:10,DROP,n04,3,마지막 HB 이후 10.7s 침묵
1092.27,0:18:12,DROP,n03,2,마지막 HB 이후 10.7s 침묵
1104.46,0:18:24,REJOIN,n04,3,이탈 지속 13.7s
1105.98,0:18:25,REJOIN,n03,2,이탈 지속 13.7s
1099.88,0:18:19,DROP,n07,6,마지막 HB 이후 10.9s 침묵
1100.64,0:18:20,DROP,n15,14,마지막 HB 이후 10.1s 침묵
1101.42,0:18:21,DROP,n12,11,마지막 HB 이후 10.9s 침묵
1102.18,0:18:22,DROP,n14,13,마지막 HB 이후 10.1s 침묵
1102.94,0:18:22,DROP,n10,9,마지막 HB 이후 10.6s 침묵
1113.58,0:18:33,REJOIN,n07,6,이탈 지속 13.7s
1103.7,0:18:23,DROP,n11,10,마지막 HB 이후 10.6s 침묵
1114.34,0:18:34,REJOIN,n15,14,이탈 지속 13.7s
1104.46,0:18:24,DROP,n04,3,마지막 HB 이후 10.6s 침묵
1115.09,0:18:35,REJOIN,n12,11,이탈 지속 13.7s
1105.22,0:18:25,DROP,n06,5,마지막 HB 이후 10.6s 침묵
1115.85,0:18:35,REJOIN,n11,10,이탈 지속 12.2s
1105.98,0:18:25,DROP,n03,2,마지막 HB 이후 10.6s 침묵
1116.61,0:18:36,REJOIN,n14,13,이탈 지속 14.4s
1106.75,0:18:26,DROP,n08,7,마지막 HB 이후 10.6s 침묵
1117.39,0:18:37,REJOIN,n10,9,이탈 지속 14.5s
1118.14,0:18:38,REJOIN,n08,7,이탈 지속 11.4s
1118.91,0:18:38,REJOIN,n06,5,이탈 지속 13.7s
1121.18,0:18:41,REJOIN,n04,3,이탈 지속 16.7s
1121.94,0:18:41,REJOIN,n03,2,이탈 지속 16.0s
1121.18,0:18:41,DROP,n04,3,마지막 HB 이후 10.9s 침묵
1123.48,0:18:43,DROP,n12,11,마지막 HB 이후 10.1s 침묵
1124.24,0:18:44,DROP,n14,13,마지막 HB 이후 10.6s 침묵
1125.0,0:18:45,DROP,n03,2,마지막 HB 이후 10.6s 침묵
1135.63,0:18:55,REJOIN,n03,2,이탈 지속 10.6s
1125.76,0:18:45,DROP,n11,10,마지막 HB 이후 10.6s 침묵
1126.52,0:18:46,DROP,n10,9,마지막 HB 이후 10.6s 침묵
1137.15,0:18:57,REJOIN,n12,11,이탈 지속 13.7s
1127.28,0:18:47,DROP,n08,7,마지막 HB 이후 10.6s 침묵
1137.91,0:18:57,REJOIN,n14,13,이탈 지속 13.7s
1128.06,0:18:48,DROP,n06,5,마지막 HB 이후 10.6s 침묵
1138.68,0:18:58,REJOIN,n11,10,이탈 지속 12.9s
1139.44,0:18:59,REJOIN,n10,9,이탈 지속 12.9s
1129.57,0:18:49,DROP,n16,15,마지막 HB 이후 10.6s 침묵
1140.2,0:19:00,REJOIN,n08,7,이탈 지속 12.9s
1140.95,0:19:00,REJOIN,n06,5,이탈 지속 12.9s
1141.72,0:19:01,REJOIN,n16,15,이탈 지속 12.1s
1135.63,0:18:55,DROP,n03,2,마지막 HB 이후 10.7s 침묵
1146.29,0:19:06,REJOIN,n03,2,이탈 지속 10.7s
1150.86,0:19:10,REJOIN,n04,3,이탈 지속 29.7s
1144.77,0:19:04,DROP,n14,13,마지막 HB 이후 10.1s 침묵
1146.29,0:19:06,DROP,n03,2,마지막 HB 이후 10.1s 침묵
1145.53,0:19:05,DROP,n11,10,마지막 HB 이후 10.9s 침묵
1147.81,0:19:07,DROP,n08,7,마지막 HB 이후 10.1s 침묵
1147.05,0:19:07,DROP,n10,9,마지막 HB 이후 10.9s 침묵
1148.57,0:19:08,DROP,n06,5,마지막 HB 이후 10.6s 침묵
1149.34,0:19:09,DROP,n16,15,마지막 HB 이후 10.6s 침묵
1150.1,0:19:10,DROP,n07,6,마지막 HB 이후 10.6s 침묵
1160.7,0:19:20,REJOIN,n16,15,이탈 지속 11.4s
1150.86,0:19:10,DROP,n04,3,마지막 HB 이후 10.6s 침묵
1161.46,0:19:21,REJOIN,n04,3,이탈 지속 10.6s
1151.62,0:19:11,DROP,n15,14,마지막 HB 이후 10.6s 침묵
1162.22,0:19:22,REJOIN,n07,6,이탈 지속 12.1s
1152.38,0:19:12,DROP,n12,11,마지막 HB 이후 10.6s 침묵
1162.98,0:19:22,REJOIN,n15,14,이탈 지속 11.4s
1163.74,0:19:23,REJOIN,n12,11,이탈 지속 11.4s
1164.5,0:19:24,REJOIN,n14,13,이탈 지속 19.7s
1165.27,0:19:25,REJOIN,n11,10,이탈 지속 19.7s
1166.03,0:19:26,REJOIN,n10,9,이탈 지속 19.0s
1166.79,0:19:26,REJOIN,n06,5,이탈 지속 18.2s
1167.55,0:19:27,REJOIN,n08,7,이탈 지속 19.7s
1169.07,0:19:29,REJOIN,n03,2,이탈 지속 22.8s
1161.46,0:19:21,DROP,n04,3,마지막 HB 이후 10.7s 침묵
1173.65,0:19:33,REJOIN,n04,3,이탈 지속 12.2s
1169.07,0:19:29,DROP,n03,2,마지막 HB 이후 10.2s 침묵
1169.83,0:19:29,DROP,n07,6,마지막 HB 이후 10.7s 침묵
1172.13,0:19:32,DROP,n12,11,마지막 HB 이후 10.1s 침묵
1171.37,0:19:31,DROP,n14,13,마지막 HB 이후 10.9s 침묵
1182.77,0:19:42,NT_WRAP,n16,15,nt 4290.4 -> 15.4 (감소 4275.0)
1172.89,0:19:32,DROP,n11,10,마지막 HB 이후 10.6s 침묵
1183.53,0:19:43,REJOIN,n07,6,이탈 지속 13.7s
1183.53,0:19:43,NT_WRAP,n07,6,nt 4289.5 -> 15.5 (감소 4274.0)
1173.65,0:19:33,DROP,n04,3,마지막 HB 이후 10.6s 침묵
1184.29,0:19:44,REJOIN,n12,11,이탈 지속 12.2s
1184.29,0:19:44,NT_WRAP,n12,11,nt 4289.6 -> 15.6 (감소 4274.0)
1174.41,0:19:34,DROP,n10,9,마지막 HB 이후 10.6s 침묵
1185.04,0:19:45,REJOIN,n03,2,이탈 지속 16.0s
1185.04,0:19:45,NT_WRAP,n03,2,nt 4289.5 -> 15.5 (감소 4273.9)
1175.17,0:19:35,DROP,n06,5,마지막 HB 이후 10.6s 침묵
1185.81,0:19:45,NT_WRAP,n15,14,nt 4290.6 -> 15.6 (감소 4275.0)
1175.95,0:19:35,DROP,n08,7,마지막 HB 이후 10.6s 침묵
1186.58,0:19:46,REJOIN,n04,3,이탈 지속 12.9s
1186.58,0:19:46,NT_WRAP,n04,3,nt 4289.8 -> 15.7 (감소 4274.1)
1187.34,0:19:47,REJOIN,n14,13,이탈 지속 16.0s
1187.34,0:19:47,NT_WRAP,n14,13,nt 4289.8 -> 15.8 (감소 4274.0)
1188.09,0:19:48,REJOIN,n11,10,이탈 지속 15.2s
1188.09,0:19:48,NT_WRAP,n11,10,nt 4289.9 -> 15.9 (감소 4274.0)
1188.86,0:19:48,REJOIN,n10,9,이탈 지속 14.4s
1188.86,0:19:48,NT_WRAP,n10,9,nt 4290.0 -> 16.0 (감소 4274.0)
1189.61,0:19:49,REJOIN,n08,7,이탈 지속 13.7s
1189.61,0:19:49,NT_WRAP,n08,7,nt 4290.2 -> 16.3 (감소 4274.0)
1190.37,0:19:50,REJOIN,n06,5,이탈 지속 15.2s
1190.37,0:19:50,NT_WRAP,n06,5,nt 4290.2 -> 16.3 (감소 4274.0)
1185.04,0:19:45,DROP,n03,2,마지막 HB 이후 10.7s 침묵
1196.47,0:19:56,REJOIN,n03,2,이탈 지속 11.4s
1186.58,0:19:46,DROP,n04,3,마지막 HB 이후 10.7s 침묵
1198.0,0:19:58,REJOIN,n04,3,이탈 지속 11.4s
1192.67,0:19:52,DROP,n07,6,마지막 HB 이후 10.9s 침묵
1193.43,0:19:53,DROP,n15,14,마지막 HB 이후 10.1s 침묵
1194.95,0:19:54,DROP,n11,10,마지막 HB 이후 10.1s 침묵
1194.19,0:19:54,DROP,n14,13,마지막 HB 이후 10.9s 침묵
1196.47,0:19:56,DROP,n03,2,마지막 HB 이후 10.1s 침묵
1195.71,0:19:55,DROP,n10,9,마지막 HB 이후 10.9s 침묵
1197.24,0:19:57,DROP,n08,7,마지막 HB 이후 10.6s 침묵
1198.0,0:19:58,DROP,n04,3,마지막 HB 이후 10.6s 침묵
1208.61,0:20:08,REJOIN,n07,6,이탈 지속 15.9s
1198.76,0:19:58,DROP,n06,5,마지막 HB 이후 10.6s 침묵
1209.37,0:20:09,REJOIN,n03,2,이탈 지속 12.9s
1199.52,0:19:59,DROP,n16,15,마지막 HB 이후 10.6s 침묵
1210.14,0:20:10,REJOIN,n15,14,이탈 지속 16.7s
1210.89,0:20:10,REJOIN,n11,10,이탈 지속 15.9s
1211.65,0:20:11,REJOIN,n14,13,이탈 지속 17.5s
1213.18,0:20:13,REJOIN,n10,9,이탈 지속 17.5s
1213.93,0:20:13,REJOIN,n08,7,이탈 지속 16.7s
1214.7,0:20:14,REJOIN,n06,5,이탈 지속 15.9s
1215.45,0:20:15,REJOIN,n16,15,이탈 지속 15.9s
1217.73,0:20:17,REJOIN,n04,3,이탈 지속 19.7s
1212.4,0:20:12,DROP,n03,2,마지막 HB 이후 10.7s 침묵
1217.73,0:20:17,DROP,n04,3,마지막 HB 이후 10.1s 침묵
1219.27,0:20:19,DROP,n14,13,마지막 HB 이후 10.1s 침묵
1220.79,0:20:20,DROP,n10,9,마지막 HB 이후 10.1s 침묵
1220.03,0:20:20,DROP,n11,10,마지막 HB 이후 10.9s 침묵
1222.31,0:20:22,DROP,n06,5,마지막 HB 이후 10.1s 침묵
1221.55,0:20:21,DROP,n08,7,마지막 HB 이후 10.9s 침묵
1223.07,0:20:23,DROP,n16,15,마지막 HB 이후 10.6s 침묵
1223.85,0:20:23,DROP,n12,11,마지막 HB 이후 10.6s 침묵
1224.6,0:20:24,DROP,n07,6,마지막 HB 이후 10.8s 침묵
1225.37,0:20:25,DROP,n15,14,마지막 HB 이후 10.1s 침묵
1247.22,0:20:47,REJOIN,n14,13,이탈 지속 28.0s
1248.0,0:20:47,REJOIN,n11,10,이탈 지속 28.0s
1248.75,0:20:48,REJOIN,n16,15,이탈 지속 25.7s
1249.51,0:20:49,REJOIN,n10,9,이탈 지속 28.7s
1250.29,0:20:50,REJOIN,n08,7,이탈 지속 28.7s
1251.05,0:20:51,REJOIN,n06,5,이탈 지속 28.7s
1251.8,0:20:51,REJOIN,n04,3,이탈 지속 34.1s
1252.57,0:20:52,REJOIN,n03,2,이탈 지속 40.2s
1253.32,0:20:53,REJOIN,n12,11,이탈 지속 29.5s
1254.08,0:20:54,REJOIN,n07,6,이탈 지속 29.5s
1254.84,0:20:54,REJOIN,n15,14,이탈 지속 29.5s
1251.8,0:20:51,DROP,n04,3,마지막 HB 이후 10.7s 침묵
1257.14,0:20:57,DROP,n10,9,마지막 HB 이후 10.1s 침묵
1257.9,0:20:57,DROP,n08,7,마지막 HB 이후 10.9s 침묵
1258.66,0:20:58,DROP,n16,15,마지막 HB 이후 10.1s 침묵
1269.29,0:21:09,REJOIN,n10,9,이탈 지속 12.2s
1259.42,0:20:59,DROP,n06,5,마지막 HB 이후 10.6s 침묵
1260.18,0:21:00,DROP,n03,2,마지막 HB 이후 10.6s 침묵
1270.81,0:21:10,REJOIN,n04,3,이탈 지속 19.0s
1260.95,0:21:00,DROP,n12,11,마지막 HB 이후 10.6s 침묵
1271.59,0:21:11,REJOIN,n06,5,이탈 지속 12.2s
1261.71,0:21:01,DROP,n07,6,마지막 HB 이후 10.6s 침묵
1272.35,0:21:12,REJOIN,n08,7,이탈 지속 14.5s
1262.47,0:21:02,DROP,n15,14,마지막 HB 이후 10.6s 침묵
1273.1,0:21:13,REJOIN,n16,15,이탈 지속 14.4s
1273.87,0:21:13,REJOIN,n15,14,이탈 지속 11.4s
1263.98,0:21:03,DROP,n14,13,마지막 HB 이후 10.6s 침묵
1274.62,0:21:14,REJOIN,n07,6,이탈 지속 12.9s
1275.38,0:21:15,REJOIN,n14,13,이탈 지속 11.4s
1276.14,0:21:16,REJOIN,n12,11,이탈 지속 15.2s
1278.44,0:21:18,REJOIN,n03,2,이탈 지속 18.3s
1270.81,0:21:10,DROP,n04,3,마지막 HB 이후 10.7s 침묵
1286.05,0:21:26,REJOIN,n04,3,이탈 지속 15.2s
1278.44,0:21:18,DROP,n03,2,마지막 HB 이후 10.1s 침묵
1279.19,0:21:19,DROP,n06,5,마지막 HB 이후 10.9s 침묵
1279.96,0:21:19,DROP,n08,7,마지막 HB 이후 10.1s 침묵
1280.72,0:21:20,DROP,n16,15,마지막 HB 이후 10.6s 침묵
1291.34,0:21:31,REJOIN,n03,2,이탈 지속 12.9s
1281.48,0:21:21,DROP,n07,6,마지막 HB 이후 10.6s 침묵
1292.1,0:21:32,REJOIN,n08,7,이탈 지속 12.1s
1282.25,0:21:22,DROP,n15,14,마지막 HB 이후 10.6s 침묵
1292.88,0:21:32,REJOIN,n06,5,이탈 지속 13.7s
1283.01,0:21:23,DROP,n12,11,마지막 HB 이후 10.6s 침묵
1293.64,0:21:33,REJOIN,n16,15,이탈 지속 12.9s
1283.77,0:21:23,DROP,n14,13,마지막 HB 이후 10.6s 침묵
1294.39,0:21:34,REJOIN,n15,14,이탈 지속 12.1s
1284.53,0:21:24,DROP,n10,9,마지막 HB 이후 10.6s 침묵
1295.16,0:21:35,REJOIN,n07,6,이탈 지속 13.7s
1285.29,0:21:25,DROP,n11,10,마지막 HB 이후 10.6s 침묵
1295.91,0:21:35,REJOIN,n12,11,이탈 지속 12.9s
1286.05,0:21:26,DROP,n04,3,마지막 HB 이후 10.6s 침묵
1296.67,0:21:36,REJOIN,n14,13,이탈 지속 12.9s
1297.43,0:21:37,REJOIN,n11,10,이탈 지속 12.1s
1298.21,0:21:38,REJOIN,n10,9,이탈 지속 13.7s
1301.24,0:21:41,REJOIN,n04,3,이탈 지속 15.2s
1291.34,0:21:31,DROP,n03,2,마지막 HB 이후 10.7s 침묵
1304.3,0:21:44,REJOIN,n03,2,이탈 지속 13.0s
1301.24,0:21:41,DROP,n04,3,마지막 HB 이후 10.2s 침묵
1300.48,0:21:40,DROP,n16,15,마지막 HB 이후 10.9s 침묵
1302.0,0:21:42,DROP,n07,6,마지막 HB 이후 10.9s 침묵
1302.77,0:21:42,DROP,n12,11,마지막 HB 이후 10.1s 침묵
1303.54,0:21:43,DROP,n15,14,마지막 HB 이후 10.6s 침묵
1304.3,0:21:44,DROP,n03,2,마지막 HB 이후 10.6s 침묵
1314.94,0:21:54,REJOIN,n04,3,이탈 지속 13.7s
1305.06,0:21:45,DROP,n14,13,마지막 HB 이후 10.6s 침묵
1305.82,0:21:45,DROP,n11,10,마지막 HB 이후 10.6s 침묵
1316.46,0:21:56,REJOIN,n07,6,이탈 지속 14.5s
1306.58,0:21:46,DROP,n10,9,마지막 HB 이후 10.6s 침묵
1317.22,0:21:57,REJOIN,n16,15,이탈 지속 16.7s
1317.98,0:21:57,REJOIN,n15,14,이탈 지속 14.4s
1318.74,0:21:58,REJOIN,n03,2,이탈 지속 14.4s
1319.51,0:21:59,REJOIN,n12,11,이탈 지속 16.7s
1320.27,0:22:00,REJOIN,n14,13,이탈 지속 15.2s
1321.03,0:22:01,REJOIN,n10,9,이탈 지속 14.5s
1321.79,0:22:01,REJOIN,n11,10,이탈 지속 16.0s
1323.31,0:22:03,DROP,n08,7,마지막 HB 이후 10.9s 침묵
1324.07,0:22:04,DROP,n16,15,마지막 HB 이후 10.1s 침묵
1325.61,0:22:05,DROP,n04,3,마지막 HB 이후 10.1s 침묵
1324.84,0:22:04,DROP,n07,6,마지막 HB 이후 10.9s 침묵
1336.23,0:22:16,REJOIN,n04,3,이탈 지속 10.6s
1326.36,0:22:06,DROP,n15,14,마지막 HB 이후 10.6s 침묵
1327.13,0:22:07,DROP,n14,13,마지막 HB 이후 10.6s 침묵
1337.76,0:22:17,REJOIN,n08,7,이탈 지속 14.4s
1328.64,0:22:08,DROP,n03,2,마지막 HB 이후 10.1s 침묵
1327.88,0:22:07,DROP,n12,11,마지막 HB 이후 10.9s 침묵
1329.4,0:22:09,DROP,n11,10,마지막 HB 이후 10.6s 침묵
1340.81,0:22:20,REJOIN,n16,15,이탈 지속 16.7s
1342.33,0:22:22,REJOIN,n07,6,이탈 지속 17.5s
1343.08,0:22:23,REJOIN,n15,14,이탈 지속 16.7s
1344.6,0:22:24,REJOIN,n03,2,이탈 지속 16.0s
1345.36,0:22:25,REJOIN,n12,11,이탈 지속 17.5s
1346.14,0:22:26,REJOIN,n14,13,이탈 지속 19.0s
1346.9,0:22:26,REJOIN,n11,10,이탈 지속 17.5s
1336.99,0:22:16,DROP,n10,9,마지막 HB 이후 10.7s 침묵
1347.65,0:22:27,REJOIN,n10,9,이탈 지속 10.7s
1337.76,0:22:17,DROP,n08,7,마지막 HB 이후 10.7s 침묵
1348.42,0:22:28,REJOIN,n08,7,이탈 지속 10.7s
1343.85,0:22:23,DROP,n04,3,마지막 HB 이후 10.7s 침묵
1344.6,0:22:24,DROP,n03,2,마지막 HB 이후 10.9s 침묵
1346.9,0:22:26,DROP,n11,10,마지막 HB 이후 10.1s 침묵
1347.65,0:22:27,DROP,n10,9,마지막 HB 이후 10.6s 침묵
1358.29,0:22:38,REJOIN,n11,10,이탈 지속 11.4s
1348.42,0:22:28,DROP,n08,7,마지막 HB 이후 10.6s 침묵
1359.05,0:22:39,REJOIN,n03,2,이탈 지속 14.4s
1349.17,0:22:29,DROP,n06,5,마지막 HB 이후 10.6s 침묵
1359.81,0:22:39,REJOIN,n10,9,이탈 지속 12.2s
1349.94,0:22:29,DROP,n07,6,마지막 HB 이후 10.6s 침묵
1350.7,0:22:30,DROP,n16,15,마지막 HB 이후 10.6s 침묵
1361.31,0:22:41,REJOIN,n08,7,이탈 지속 12.9s
1352.23,0:22:32,DROP,n15,14,마지막 HB 이후 10.6s 침묵
1362.85,0:22:42,REJOIN,n06,5,이탈 지속 13.7s
1352.99,0:22:32,DROP,n12,11,마지막 HB 이후 10.6s 침묵
1363.61,0:22:43,REJOIN,n07,6,이탈 지속 13.7s
1353.75,0:22:33,DROP,n14,13,마지막 HB 이후 10.6s 침묵
1365.13,0:22:45,REJOIN,n16,15,이탈 지속 14.4s
1365.88,0:22:45,REJOIN,n15,14,이탈 지속 13.7s
1367.42,0:22:47,REJOIN,n12,11,이탈 지속 14.4s
1368.18,0:22:48,REJOIN,n14,13,이탈 지속 14.4s
1358.29,0:22:38,DROP,n11,10,마지막 HB 이후 10.7s 침묵
1368.94,0:22:48,REJOIN,n11,10,이탈 지속 10.7s
1369.7,0:22:49,REJOIN,n04,3,이탈 지속 25.9s
1359.81,0:22:39,DROP,n10,9,마지막 HB 이후 10.6s 침묵
1370.45,0:22:50,REJOIN,n10,9,이탈 지속 10.6s
1366.65,0:22:46,DROP,n03,2,마지막 HB 이후 10.6s 침묵
1369.7,0:22:49,DROP,n04,3,마지막 HB 이후 10.1s 침묵
1371.22,0:22:51,DROP,n08,7,마지막 HB 이후 10.1s 침묵
1370.45,0:22:50,DROP,n10,9,마지막 HB 이후 10.9s 침묵
1381.86,0:23:01,REJOIN,n03,2,이탈 지속 15.2s
1371.98,0:22:51,DROP,n06,5,마지막 HB 이후 10.6s 침묵
1372.76,0:22:52,DROP,n16,15,마지막 HB 이후 10.6s 침묵
1374.28,0:22:54,DROP,n12,11,마지막 HB 이후 10.6s 침묵
1384.92,0:23:04,REJOIN,n16,15,이탈 지속 12.2s
1387.19,0:23:07,REJOIN,n12,11,이탈 지속 12.9s
1387.96,0:23:07,REJOIN,n10,9,이탈 지속 17.5s
1388.73,0:23:08,REJOIN,n08,7,이탈 지속 17.5s
1389.49,0:23:09,REJOIN,n04,3,이탈 지속 19.8s
1390.25,0:23:10,REJOIN,n06,5,이탈 지속 18.3s
1382.62,0:23:02,DROP,n03,2,마지막 HB 이후 10.7s 침묵
1397.1,0:23:17,REJOIN,n03,2,이탈 지속 14.5s
1389.49,0:23:09,DROP,n04,3,마지막 HB 이후 10.7s 침묵
1393.29,0:23:13,DROP,n12,11,마지막 HB 이후 10.6s 침묵
1394.06,0:23:14,DROP,n14,13,마지막 HB 이후 10.6s 침묵
1394.82,0:23:14,DROP,n11,10,마지막 HB 이후 10.6s 침묵
1395.58,0:23:15,DROP,n10,9,마지막 HB 이후 10.6s 침묵
1396.34,0:23:16,DROP,n08,7,마지막 HB 이후 10.6s 침묵
1406.97,0:23:26,REJOIN,n12,11,이탈 지속 13.7s
1397.1,0:23:17,DROP,n03,2,마지막 HB 이후 10.6s 침묵
1407.73,0:23:27,REJOIN,n03,2,이탈 지속 10.6s
1409.25,0:23:29,REJOIN,n14,13,이탈 지속 15.2s
1410.02,0:23:30,REJOIN,n11,10,이탈 지속 15.2s
1410.78,0:23:30,REJOIN,n10,9,이탈 지속 15.2s
1411.54,0:23:31,REJOIN,n08,7,이탈 지속 15.2s
1412.3,0:23:32,REJOIN,n04,3,이탈 지속 22.8s
1407.73,0:23:27,DROP,n03,2,마지막 HB 이후 10.7s 침묵
1412.3,0:23:32,DROP,n04,3,마지막 HB 이후 10.1s 침묵
1424.49,0:23:44,REJOIN,n03,2,이탈 지속 16.8s
1425.25,0:23:45,REJOIN,n04,3,이탈 지속 12.9s
1424.49,0:23:44,DROP,n03,2,마지막 HB 이후 10.1s 침묵
1425.25,0:23:45,DROP,n04,3,마지막 HB 이후 10.6s 침묵
1426.03,0:23:46,DROP,n14,13,마지막 HB 이후 10.6s 침묵
1426.78,0:23:46,DROP,n11,10,마지막 HB 이후 10.6s 침묵
1427.55,0:23:47,DROP,n10,9,마지막 HB 이후 10.6s 침묵
1428.3,0:23:48,DROP,n08,7,마지막 HB 이후 10.6s 침묵
1429.06,0:23:49,DROP,n06,5,마지막 HB 이후 10.6s 침묵
1439.7,0:23:59,REJOIN,n14,13,이탈 지속 13.7s
1440.46,0:24:00,REJOIN,n10,9,이탈 지속 12.9s
1441.22,0:24:01,REJOIN,n11,10,이탈 지속 14.4s
1441.99,0:24:01,REJOIN,n06,5,이탈 지속 12.9s
1442.75,0:24:02,REJOIN,n08,7,이탈 지속 14.4s
1443.51,0:24:03,REJOIN,n03,2,이탈 지속 19.0s
1449.61,0:24:09,REJOIN,n04,3,이탈 지속 24.4s
1443.51,0:24:03,DROP,n03,2,마지막 HB 이후 10.7s 침묵
1446.54,0:24:06,DROP,n14,13,마지막 HB 이후 10.6s 침묵
1447.33,0:24:07,DROP,n12,11,마지막 HB 이후 10.6s 침묵
1448.09,0:24:08,DROP,n10,9,마지막 HB 이후 10.6s 침묵
1448.85,0:24:08,DROP,n11,10,마지막 HB 이후 10.6s 침묵
1459.48,0:24:19,REJOIN,n12,11,이탈 지속 12.1s
1449.61,0:24:09,DROP,n04,3,마지막 HB 이후 10.6s 침묵
1460.23,0:24:20,REJOIN,n03,2,이탈 지속 16.7s
1450.37,0:24:10,DROP,n06,5,마지막 HB 이후 10.6s 침묵
1460.99,0:24:20,REJOIN,n04,3,이탈 지속 11.4s
1451.13,0:24:11,DROP,n08,7,마지막 HB 이후 10.6s 침묵
1464.04,0:24:24,REJOIN,n14,13,이탈 지속 17.5s
1464.8,0:24:24,REJOIN,n11,10,이탈 지속 16.0s
1465.56,0:24:25,REJOIN,n10,9,이탈 지속 17.5s
1466.32,0:24:26,REJOIN,n08,7,이탈 지속 15.2s
1467.08,0:24:27,REJOIN,n06,5,이탈 지속 16.7s
1460.23,0:24:20,DROP,n03,2,마지막 HB 이후 10.7s 침묵
1463.28,0:24:23,DROP,n04,3,마지막 HB 이후 10.7s 침묵
1476.22,0:24:36,REJOIN,n03,2,이탈 지속 16.0s
1468.62,0:24:28,DROP,n12,11,마지막 HB 이후 10.6s 침묵
1469.38,0:24:29,DROP,n07,6,마지막 HB 이후 10.9s 침묵
1470.14,0:24:30,DROP,n15,14,마지막 HB 이후 10.1s 침묵
1470.9,0:24:30,DROP,n14,13,마지막 HB 이후 10.6s 침묵
1471.66,0:24:31,DROP,n11,10,마지막 HB 이후 10.6s 침묵
1482.29,0:24:42,REJOIN,n07,6,이탈 지속 12.9s
1472.41,0:24:32,DROP,n08,7,마지막 HB 이후 10.6s 침묵
1483.05,0:24:43,REJOIN,n12,11,이탈 지속 14.4s
1473.18,0:24:33,DROP,n10,9,마지막 HB 이후 10.6s 침묵
1483.81,0:24:43,REJOIN,n15,14,이탈 지속 13.7s
1484.58,0:24:44,REJOIN,n04,3,이탈 지속 21.3s
1485.34,0:24:45,REJOIN,n11,10,이탈 지속 13.7s
1486.1,0:24:46,REJOIN,n14,13,이탈 지속 15.2s
1476.22,0:24:36,DROP,n03,2,마지막 HB 이후 10.6s 침묵
1486.86,0:24:46,REJOIN,n10,9,이탈 지속 13.7s
1487.62,0:24:47,REJOIN,n08,7,이탈 지속 15.2s
1496.01,0:24:56,REJOIN,n03,2,이탈 지속 19.8s
1491.44,0:24:51,DROP,n04,3,마지막 HB 이후 10.1s 침묵
1490.67,0:24:50,DROP,n15,14,마지막 HB 이후 10.9s 침묵
1492.19,0:24:52,DROP,n12,11,마지막 HB 이후 10.9s 침묵
1492.96,0:24:52,DROP,n14,13,마지막 HB 이후 10.1s 침묵
1494.47,0:24:54,DROP,n10,9,마지막 HB 이후 10.1s 침묵
1493.71,0:24:53,DROP,n11,10,마지막 HB 이후 10.9s 침묵
1496.01,0:24:56,DROP,n03,2,마지막 HB 이후 10.1s 침묵
1495.25,0:24:55,DROP,n08,7,마지막 HB 이후 10.8s 침묵
1496.77,0:24:56,DROP,n06,5,마지막 HB 이후 10.8s 침묵
1497.53,0:24:57,DROP,n16,15,마지막 HB 이후 10.1s 침묵
1498.29,0:24:58,DROP,n07,6,마지막 HB 이후 10.8s 침묵
1512.61,0:25:12,REJOIN,n04,3,이탈 지속 21.2s
1514.13,0:25:14,REJOIN,n11,10,이탈 지속 20.4s
1514.89,0:25:14,REJOIN,n03,2,이탈 지속 18.9s
1517.18,0:25:17,REJOIN,n10,9,이탈 지속 22.7s
1519.45,0:25:19,REJOIN,n08,7,이탈 지속 24.2s
1521.75,0:25:21,REJOIN,n06,5,이탈 지속 25.0s
1523.27,0:25:23,REJOIN,n07,6,이탈 지속 25.0s
1514.13,0:25:14,DROP,n11,10,마지막 HB 이후 10.6s 침묵
1524.78,0:25:24,REJOIN,n16,15,이탈 지속 27.3s
1525.54,0:25:25,REJOIN,n15,14,이탈 지속 34.9s
1527.08,0:25:27,REJOIN,n12,11,이탈 지속 34.9s
1517.18,0:25:17,DROP,n10,9,마지막 HB 이후 10.7s 침묵
1527.84,0:25:27,REJOIN,n14,13,이탈 지속 34.9s
1529.36,0:25:29,REJOIN,n11,10,이탈 지속 15.2s
1519.45,0:25:19,DROP,n08,7,마지막 HB 이후 10.7s 침묵
1530.12,0:25:30,REJOIN,n10,9,이탈 지속 12.9s
1530.88,0:25:30,REJOIN,n08,7,이탈 지속 11.4s
1521.75,0:25:21,DROP,n06,5,마지막 HB 이후 10.7s 침묵
1522.5,0:25:22,DROP,n04,3,마지막 HB 이후 10.9s 침묵
1523.27,0:25:23,DROP,n07,6,마지막 HB 이후 10.1s 침묵
1524.78,0:25:24,DROP,n16,15,마지막 HB 이후 10.1s 침묵
1525.54,0:25:25,DROP,n15,14,마지막 HB 이후 10.9s 침묵
1527.08,0:25:27,DROP,n12,11,마지막 HB 이후 10.6s 침묵
1537.69,0:25:37,REJOIN,n06,5,이탈 지속 15.9s
1527.84,0:25:27,DROP,n14,13,마지막 HB 이후 10.6s 침묵
1538.45,0:25:38,REJOIN,n16,15,이탈 지속 13.7s
1528.6,0:25:28,DROP,n03,2,마지막 HB 이후 10.6s 침묵
1539.21,0:25:39,REJOIN,n12,11,이탈 지속 12.1s
1529.36,0:25:29,DROP,n11,10,마지막 HB 이후 10.6s 침묵
1539.97,0:25:39,REJOIN,n07,6,이탈 지속 16.7s
1530.12,0:25:30,DROP,n10,9,마지막 HB 이후 10.6s 침묵
1540.73,0:25:40,REJOIN,n15,14,이탈 지속 15.2s
1530.88,0:25:30,DROP,n08,7,마지막 HB 이후 10.6s 침묵
1541.49,0:25:41,REJOIN,n03,2,이탈 지속 12.9s
1542.25,0:25:42,REJOIN,n14,13,이탈 지속 14.4s
1543.02,0:25:43,REJOIN,n11,10,이탈 지속 13.7s
1543.78,0:25:43,REJOIN,n04,3,이탈 지속 21.3s
1544.54,0:25:44,REJOIN,n10,9,이탈 지속 14.4s
1545.3,0:25:45,REJOIN,n08,7,이탈 지속 14.4s
1541.49,0:25:41,DROP,n03,2,마지막 HB 이후 10.6s 침묵
1543.78,0:25:43,DROP,n04,3,마지막 HB 이후 10.9s 침묵
1548.35,0:25:48,DROP,n07,6,마지막 HB 이후 10.9s 침묵
1549.11,0:25:49,DROP,n15,14,마지막 HB 이후 10.1s 침묵
1549.87,0:25:49,DROP,n14,13,마지막 HB 이후 10.6s 침묵
1560.51,0:26:00,REJOIN,n03,2,이탈 지속 19.0s
1550.63,0:25:50,DROP,n11,10,마지막 HB 이후 10.6s 침묵
1561.28,0:26:01,REJOIN,n07,6,이탈 지속 12.9s
1551.39,0:25:51,DROP,n10,9,마지막 HB 이후 10.6s 침묵
1562.03,0:26:02,REJOIN,n15,14,이탈 지속 12.9s
1552.15,0:25:52,DROP,n08,7,마지막 HB 이후 10.6s 침묵
1562.8,0:26:02,REJOIN,n14,13,이탈 지속 12.9s
1552.91,0:25:52,DROP,n06,5,마지막 HB 이후 10.6s 침묵
1564.33,0:26:04,REJOIN,n11,10,이탈 지속 13.7s
1565.08,0:26:05,REJOIN,n10,9,이탈 지속 13.7s
1565.85,0:26:05,REJOIN,n04,3,이탈 지속 22.1s
1566.6,0:26:06,REJOIN,n06,5,이탈 지속 13.7s
1567.36,0:26:07,REJOIN,n08,7,이탈 지속 15.2s
1560.51,0:26:00,DROP,n03,2,마지막 HB 이후 10.7s 침묵
1572.7,0:26:12,REJOIN,n03,2,이탈 지속 12.2s
1565.85,0:26:05,DROP,n04,3,마지막 HB 이후 10.7s 침묵
1576.51,0:26:16,REJOIN,n04,3,이탈 지속 10.7s
1568.88,0:26:08,DROP,n15,14,마지막 HB 이후 10.1s 침묵
1570.42,0:26:10,DROP,n12,11,마지막 HB 이후 10.1s 침묵
1571.18,0:26:11,DROP,n14,13,마지막 HB 이후 10.6s 침묵
1581.81,0:26:21,REJOIN,n12,11,이탈 지속 11.4s
1571.94,0:26:11,DROP,n11,10,마지막 HB 이후 10.6s 침묵
1582.57,0:26:22,REJOIN,n15,14,이탈 지속 13.7s
1572.7,0:26:12,DROP,n03,2,마지막 HB 이후 10.6s 침묵
1573.46,0:26:13,DROP,n10,9,마지막 HB 이후 10.6s 침묵
1584.09,0:26:24,REJOIN,n03,2,이탈 지속 11.4s
1574.22,0:26:14,DROP,n06,5,마지막 HB 이후 10.6s 침묵
1584.85,0:26:24,REJOIN,n11,10,이탈 지속 12.9s
1575.0,0:26:14,DROP,n08,7,마지막 HB 이후 10.6s 침묵
1585.62,0:26:25,REJOIN,n14,13,이탈 지속 14.4s
1575.75,0:26:15,DROP,n16,15,마지막 HB 이후 10.6s 침묵
1586.38,0:26:26,REJOIN,n08,7,이탈 지속 11.4s
1576.51,0:26:16,DROP,n04,3,마지막 HB 이후 10.6s 침묵
1587.14,0:26:27,REJOIN,n10,9,이탈 지속 13.7s
1587.9,0:26:27,REJOIN,n06,5,이탈 지속 13.7s
1588.66,0:26:28,REJOIN,n16,15,이탈 지속 12.9s
1595.51,0:26:35,REJOIN,n04,3,이탈 지속 19.0s
1589.41,0:26:29,DROP,n03,2,마지막 HB 이후 10.9s 침묵
1592.47,0:26:32,DROP,n11,10,마지막 HB 이후 10.9s 침묵
1593.23,0:26:33,DROP,n14,13,마지막 HB 이후 10.1s 침묵
1594.75,0:26:34,DROP,n08,7,마지막 HB 이후 10.1s 침묵
1593.99,0:26:33,DROP,n10,9,마지막 HB 이후 10.9s 침묵
1606.14,0:26:46,REJOIN,n03,2,이탈 지속 16.7s
1596.29,0:26:36,DROP,n06,5,마지막 HB 이후 10.6s 침묵
1606.91,0:26:46,REJOIN,n10,9,이탈 지속 12.9s
1597.04,0:26:37,DROP,n16,15,마지막 HB 이후 10.6s 침묵
1597.81,0:26:37,DROP,n12,11,마지막 HB 이후 10.6s 침묵
1598.56,0:26:38,DROP,n07,6,마지막 HB 이후 10.6s 침묵
1609.18,0:26:49,REJOIN,n08,7,이탈 지속 14.4s
1599.33,0:26:39,DROP,n15,14,마지막 HB 이후 10.6s 침묵
1612.23,0:26:52,REJOIN,n06,5,이탈 지속 15.9s
1612.99,0:26:52,REJOIN,n16,15,이탈 지속 15.9s
1614.51,0:26:54,REJOIN,n07,6,이탈 지속 15.9s
1615.27,0:26:55,REJOIN,n15,14,이탈 지속 15.9s
1616.79,0:26:56,REJOIN,n12,11,이탈 지속 19.0s
1606.91,0:26:46,DROP,n10,9,마지막 HB 이후 10.6s 침묵
1617.57,0:26:57,REJOIN,n14,13,이탈 지속 24.3s
1619.09,0:26:59,REJOIN,n11,10,이탈 지속 26.6s
1609.18,0:26:49,DROP,n08,7,마지막 HB 이후 10.7s 침묵
1619.85,0:26:59,REJOIN,n10,9,이탈 지속 12.9s
1620.61,0:27:00,REJOIN,n08,7,이탈 지속 11.4s
1611.46,0:26:51,DROP,n04,3,마지막 HB 이후 10.7s 침묵
1615.27,0:26:55,DROP,n15,14,마지막 HB 이후 10.9s 침묵
1616.79,0:26:56,DROP,n12,11,마지막 HB 이후 10.6s 침묵
1617.57,0:26:57,DROP,n14,13,마지막 HB 이후 10.6s 침묵
1618.32,0:26:58,DROP,n03,2,마지막 HB 이후 10.9s 침묵
1619.09,0:26:59,DROP,n11,10,마지막 HB 이후 10.1s 침묵
1619.85,0:26:59,DROP,n10,9,마지막 HB 이후 10.6s 침묵
1630.45,0:27:10,REJOIN,n10,9,이탈 지속 10.6s
1620.61,0:27:00,DROP,n08,7,마지막 HB 이후 10.6s 침묵
1631.98,0:27:11,REJOIN,n08,7,이탈 지속 11.4s
1622.13,0:27:02,DROP,n16,15,마지막 HB 이후 10.6s 침묵
1632.74,0:27:12,REJOIN,n16,15,이탈 지속 10.6s
1622.9,0:27:02,DROP,n07,6,마지막 HB 이후 10.6s 침묵
1633.51,0:27:13,REJOIN,n03,2,이탈 지속 15.2s
1634.27,0:27:14,REJOIN,n07,6,이탈 지속 11.4s
1635.03,0:27:15,REJOIN,n15,14,이탈 지속 19.8s
1635.79,0:27:15,REJOIN,n12,11,이탈 지속 19.0s
1636.55,0:27:16,REJOIN,n14,13,이탈 지속 19.0s
1637.31,0:27:17,REJOIN,n04,3,이탈 지속 25.9s
1639.6,0:27:19,REJOIN,n11,10,이탈 지속 20.5s
1640.36,0:27:20,DROP,n10,9,마지막 HB 이후 10.1s 침묵
1641.12,0:27:21,DROP,n06,5,마지막 HB 이후 10.9s 침묵
1641.89,0:27:21,DROP,n08,7,마지막 HB 이후 10.1s 침묵
1652.53,0:27:32,REJOIN,n08,7,이탈 지속 10.6s
1642.64,0:27:22,DROP,n16,15,마지막 HB 이후 10.6s 침묵
1653.29,0:27:33,REJOIN,n16,15,이탈 지속 10.6s
1643.4,0:27:23,DROP,n07,6,마지막 HB 이후 10.6s 침묵
1654.05,0:27:34,REJOIN,n07,6,이탈 지속 10.6s
1644.18,0:27:24,DROP,n15,14,마지막 HB 이후 10.6s 침묵
1654.82,0:27:34,REJOIN,n15,14,이탈 지속 10.6s
1644.94,0:27:24,DROP,n14,13,마지막 HB 이후 10.6s 침묵
1655.58,0:27:35,REJOIN,n14,13,이탈 지속 10.6s
1645.7,0:27:25,DROP,n12,11,마지막 HB 이후 10.6s 침묵
1646.46,0:27:26,DROP,n03,2,마지막 HB 이후 10.6s 침묵
1657.1,0:27:37,REJOIN,n12,11,이탈 지속 11.4s
1657.86,0:27:37,REJOIN,n03,2,이탈 지속 11.4s
1647.98,0:27:27,DROP,n11,10,마지막 HB 이후 10.6s 침묵
1660.15,0:27:40,REJOIN,n10,9,이탈 지속 19.8s
1660.91,0:27:40,REJOIN,n11,10,이탈 지속 12.9s
1662.42,0:27:42,REJOIN,n06,5,이탈 지속 21.3s
1652.53,0:27:32,DROP,n08,7,마지막 HB 이후 10.7s 침묵
1663.19,0:27:43,REJOIN,n08,7,이탈 지속 10.7s
1653.29,0:27:33,DROP,n16,15,마지막 HB 이후 10.7s 침묵
1663.95,0:27:43,REJOIN,n16,15,이탈 지속 10.7s
1654.05,0:27:34,DROP,n07,6,마지막 HB 이후 10.7s 침묵
1665.48,0:27:45,REJOIN,n07,6,이탈 지속 11.4s
1655.58,0:27:35,DROP,n14,13,마지막 HB 이후 10.7s 침묵
1667.0,0:27:47,REJOIN,n14,13,이탈 지속 11.4s
1659.37,0:27:39,DROP,n04,3,마지막 HB 이후 10.7s 침묵
1670.04,0:27:50,REJOIN,n04,3,이탈 지속 10.7s
1662.42,0:27:42,DROP,n06,5,마지막 HB 이후 10.9s 침묵
1663.19,0:27:43,DROP,n08,7,마지막 HB 이후 10.1s 침묵
1664.71,0:27:44,DROP,n15,14,마지막 HB 이후 10.1s 침묵
1663.95,0:27:43,DROP,n16,15,마지막 HB 이후 10.9s 침묵
1665.48,0:27:45,DROP,n07,6,마지막 HB 이후 10.6s 침묵
1666.25,0:27:46,DROP,n12,11,마지막 HB 이후 10.6s 침묵
1667.0,0:27:47,DROP,n14,13,마지막 HB 이후 10.9s 침묵
1679.91,0:27:59,REJOIN,n08,7,이탈 지속 16.7s
1680.67,0:28:00,REJOIN,n06,5,이탈 지속 18.2s
1682.97,0:28:02,REJOIN,n16,15,이탈 지속 19.0s
1683.72,0:28:03,REJOIN,n07,6,이탈 지속 18.2s
1685.24,0:28:05,REJOIN,n15,14,이탈 지속 20.5s
1686.0,0:28:06,REJOIN,n12,11,이탈 지속 19.8s
1676.12,0:27:56,DROP,n11,10,마지막 HB 이후 10.7s 침묵
1676.88,0:27:56,DROP,n10,9,마지막 HB 이후 10.7s 침묵
1687.54,0:28:07,REJOIN,n14,13,이탈 지속 20.5s
1688.3,0:28:08,REJOIN,n11,10,이탈 지속 12.2s
1689.06,0:28:09,REJOIN,n10,9,이탈 지속 12.2s
1684.48,0:28:04,DROP,n03,2,마지막 HB 이후 10.1s 침묵
1686.0,0:28:06,DROP,n12,11,마지막 HB 이후 10.1s 침묵
1686.78,0:28:06,DROP,n04,3,마지막 HB 이후 10.9s 침묵
1687.54,0:28:07,DROP,n14,13,마지막 HB 이후 10.1s 침묵
1689.06,0:28:09,DROP,n10,9,마지막 HB 이후 10.1s 침묵
1688.3,0:28:08,DROP,n11,10,마지막 HB 이후 10.9s 침묵
1689.82,0:28:09,DROP,n08,7,마지막 HB 이후 10.6s 침묵
1701.19,0:28:21,REJOIN,n08,7,이탈 지속 11.4s
1691.34,0:28:11,DROP,n16,15,마지막 HB 이후 10.6s 침묵
1701.94,0:28:21,REJOIN,n04,3,이탈 지속 15.2s
1692.12,0:28:12,DROP,n07,6,마지막 HB 이후 10.6s 침묵
1702.72,0:28:22,REJOIN,n16,15,이탈 지속 11.4s
1692.87,0:28:12,DROP,n15,14,마지막 HB 이후 10.6s 침묵
1703.48,0:28:23,REJOIN,n15,14,이탈 지속 10.6s
1704.24,0:28:24,REJOIN,n07,6,이탈 지속 12.1s
1704.99,0:28:24,REJOIN,n12,11,이탈 지속 19.0s
1705.76,0:28:25,REJOIN,n14,13,이탈 지속 18.2s
1706.51,0:28:26,REJOIN,n11,10,이탈 지속 18.2s
1707.27,0:28:27,REJOIN,n10,9,이탈 지속 18.2s
1709.56,0:28:29,REJOIN,n03,2,이탈 지속 25.1s
1701.94,0:28:21,DROP,n04,3,마지막 HB 이후 10.7s 침묵
1716.42,0:28:36,REJOIN,n04,3,이탈 지속 14.5s
1709.56,0:28:29,DROP,n03,2,마지막 HB 이후 10.9s 침묵
1710.33,0:28:30,DROP,n16,15,마지막 HB 이후 10.2s 침묵
1711.09,0:28:31,DROP,n07,6,마지막 HB 이후 10.9s 침묵
1711.85,0:28:31,DROP,n15,14,마지막 HB 이후 10.1s 침묵
1712.6,0:28:32,DROP,n12,11,마지막 HB 이후 10.7s 침묵
1713.38,0:28:33,DROP,n14,13,마지막 HB 이후 10.6s 침묵
1724.03,0:28:44,REJOIN,n16,15,이탈 지속 13.7s
1714.14,0:28:34,DROP,n11,10,마지막 HB 이후 10.6s 침묵
1724.79,0:28:44,REJOIN,n07,6,이탈 지속 13.7s
1714.9,0:28:34,DROP,n10,9,마지막 HB 이후 10.6s 침묵
1726.3,0:28:46,REJOIN,n12,11,이탈 지속 13.7s
1727.07,0:28:47,REJOIN,n15,14,이탈 지속 15.2s
1727.82,0:28:47,REJOIN,n14,13,이탈 지속 14.4s
1728.58,0:28:48,REJOIN,n11,10,이탈 지속 14.4s
1730.12,0:28:50,REJOIN,n10,9,이탈 지속 15.2s
1732.39,0:28:52,REJOIN,n03,2,이탈 지속 22.8s
1725.55,0:28:45,DROP,n04,3,마지막 HB 이후 10.7s 침묵
1737.73,0:28:57,REJOIN,n04,3,이탈 지속 12.2s
1732.39,0:28:52,DROP,n03,2,마지막 HB 이후 10.9s 침묵
1733.16,0:28:53,DROP,n07,6,마지막 HB 이후 10.1s 침묵
1733.92,0:28:53,DROP,n12,11,마지막 HB 이후 10.6s 침묵
1734.69,0:28:54,DROP,n15,14,마지막 HB 이후 10.6s 침묵
1736.21,0:28:56,DROP,n11,10,마지막 HB 이후 10.1s 침묵
1735.45,0:28:55,DROP,n14,13,마지막 HB 이후 10.9s 침묵
1737.73,0:28:57,DROP,n04,3,마지막 HB 이후 10.1s 침묵
1736.97,0:28:56,DROP,n10,9,마지막 HB 이후 10.8s 침묵
1739.25,0:28:59,DROP,n06,5,마지막 HB 이후 10.1s 침묵
1738.49,0:28:58,DROP,n08,7,마지막 HB 이후 10.8s 침묵
1740.03,0:29:00,DROP,n16,15,마지막 HB 이후 10.8s 침묵
1756.6,0:29:16,REJOIN,n04,3,이탈 지속 18.9s
1758.12,0:29:18,REJOIN,n11,10,이탈 지속 21.9s
1758.88,0:29:18,REJOIN,n10,9,이탈 지속 21.9s
1760.41,0:29:20,REJOIN,n03,2,이탈 지속 28.0s
1761.18,0:29:21,REJOIN,n08,7,이탈 지속 22.7s
1761.94,0:29:21,REJOIN,n06,5,이탈 지속 22.7s
1763.46,0:29:23,REJOIN,n07,6,이탈 지속 30.3s
1764.22,0:29:24,REJOIN,n16,15,이탈 지속 24.2s
1764.98,0:29:24,REJOIN,n15,14,이탈 지속 30.3s
1765.74,0:29:25,REJOIN,n12,11,이탈 지속 31.8s
1766.51,0:29:26,REJOIN,n14,13,이탈 지속 31.1s
1759.64,0:29:19,DROP,n04,3,마지막 HB 이후 10.7s 침묵
1762.7,0:29:22,DROP,n03,2,마지막 HB 이후 10.7s 침묵
1773.37,0:29:33,REJOIN,n04,3,이탈 지속 13.7s
1766.51,0:29:26,DROP,n14,13,마지막 HB 이후 10.7s 침묵
1768.03,0:29:28,DROP,n10,9,마지막 HB 이후 10.2s 침묵
1767.27,0:29:27,DROP,n11,10,마지막 HB 이후 10.9s 침묵
1769.55,0:29:29,DROP,n06,5,마지막 HB 이후 10.1s 침묵
1768.79,0:29:28,DROP,n08,7,마지막 HB 이후 10.9s 침묵
1771.07,0:29:31,DROP,n07,6,마지막 HB 이후 10.1s 침묵
1770.31,0:29:30,DROP,n16,15,마지막 HB 이후 10.9s 침묵
1772.61,0:29:32,DROP,n15,14,마지막 HB 이후 10.1s 침묵
1773.37,0:29:33,DROP,n04,3,마지막 HB 이후 10.8s 침묵
1774.13,0:29:34,DROP,n12,11,마지막 HB 이후 10.1s 침묵
1795.27,0:29:55,REJOIN,n03,2,이탈 지속 32.6s
1796.8,0:29:56,REJOIN,n04,3,이탈 지속 23.4s
1797.55,0:29:57,REJOIN,n08,7,이탈 지속 28.8s
1799.09,0:29:59,REJOIN,n06,5,이탈 지속 29.5s
