trial,t_s,board_ms,temp_c,state
warmup,0.001,1324,26.0,ALIVE
warmup,0.003,1824,26.0,ALIVE
warmup,0.006,2324,26.0,ALIVE
warmup,0.007,2824,26.0,ALIVE
warmup,0.011,3324,26.0,ALIVE
warmup,0.016,3824,26.0,ALIVE
warmup,0.021,4324,26.0,ALIVE
warmup,0.025,4824,26.0,ALIVE
warmup,0.026,5324,26.0,ALIVE
warmup,0.027,5824,26.0,ALIVE
warmup,0.028,6324,26.0,ALIVE
warmup,0.029,6824,26.0,ALIVE
warmup,0.031,7325,26.0,ALIVE
warmup,0.032,7824,26.0,ALIVE
warmup,0.033,8324,26.0,ALIVE
warmup,0.034,8824,26.0,ALIVE
warmup,0.343,9324,26.0,ALIVE
warmup,0.843,9824,26.0,ALIVE
warmup,1.344,10324,26.0,ALIVE
warmup,1.844,10824,26.0,ALIVE
warmup,2.344,11324,26.0,ALIVE
warmup,2.844,11824,26.0,ALIVE
warmup,3.343,12324,26.0,ALIVE
warmup,3.844,12824,26.0,ALIVE
warmup,4.343,13324,26.0,ALIVE
warmup,4.843,13824,26.0,ALIVE
warmup,5.343,14324,26.0,ALIVE
warmup,5.844,14824,26.0,ALIVE
warmup,6.343,15324,26.0,ALIVE
warmup,6.844,15824,26.0,ALIVE
warmup,7.343,16324,26.0,ALIVE
warmup,7.843,16824,26.0,ALIVE
warmup,8.343,17324,26.0,ALIVE
warmup,8.843,17824,26.0,ALIVE
warmup,9.343,18324,26.0,ALIVE
warmup,9.844,18824,26.0,ALIVE
warmup,10.344,19324,26.0,ALIVE
warmup,10.843,19824,26.0,ALIVE
warmup,11.344,20324,26.0,ALIVE
warmup,11.844,20824,26.0,ALIVE
warmup,12.344,21324,26.0,ALIVE
warmup,12.844,21824,26.0,ALIVE
warmup,13.343,22324,26.0,ALIVE
warmup,13.843,22824,26.0,ALIVE
warmup,14.343,23324,26.0,ALIVE
warmup,14.844,23824,26.0,ALIVE
warmup,15.344,24324,26.0,ALIVE
warmup,15.844,24824,26.0,ALIVE
warmup,16.344,25324,26.0,ALIVE
warmup,16.844,25824,26.0,ALIVE
warmup,17.344,26324,26.0,ALIVE
warmup,17.843,26824,26.0,ALIVE
warmup,18.344,27324,26.0,ALIVE
warmup,18.844,27824,26.0,ALIVE
warmup,19.344,28324,26.0,ALIVE
warmup,19.844,28824,26.0,ALIVE
warmup,20.344,29324,26.0,ALIVE
warmup,20.844,29824,26.0,ALIVE
warmup,21.344,30324,26.0,ALIVE
warmup,21.844,30824,26.0,ALIVE
warmup,22.344,31324,26.0,ALIVE
warmup,22.844,31824,26.0,ALIVE
warmup,23.344,32324,26.0,ALIVE
warmup,23.844,32824,26.0,ALIVE
warmup,24.344,33324,26.0,ALIVE
warmup,24.844,33824,26.0,ALIVE
warmup,25.344,34324,26.0,ALIVE
warmup,25.844,34824,26.0,ALIVE
warmup,26.344,35324,26.0,ALIVE
warmup,26.844,35824,26.0,ALIVE
warmup,27.344,36324,26.0,ALIVE
warmup,27.844,36824,26.0,ALIVE
warmup,28.344,37324,26.0,ALIVE
warmup,28.844,37824,26.0,ALIVE
warmup,29.344,38324,26.0,ALIVE
warmup,29.844,38824,26.0,ALIVE
warmup,30.344,39324,26.0,ALIVE
warmup,30.844,39824,26.0,ALIVE
warmup,31.344,40324,26.0,ALIVE
warmup,31.844,40824,26.0,ALIVE
warmup,32.344,41324,26.0,ALIVE
warmup,32.844,41824,26.0,ALIVE
warmup,33.344,42324,26.0,ALIVE
warmup,33.844,42824,26.0,ALIVE
warmup,34.344,43324,26.0,ALIVE
warmup,34.844,43824,26.0,ALIVE
warmup,35.344,44324,26.0,ALIVE
warmup,35.844,44824,26.0,ALIVE
warmup,36.344,45324,26.0,ALIVE
warmup,36.844,45824,26.0,ALIVE
warmup,37.344,46324,26.0,ALIVE
warmup,37.844,46824,26.0,ALIVE
warmup,38.344,47324,26.0,ALIVE
warmup,38.844,47824,26.0,ALIVE
warmup,39.344,48324,26.0,ALIVE
warmup,39.844,48824,26.0,ALIVE
warmup,40.344,49324,26.0,ALIVE
warmup,40.844,49824,26.0,ALIVE
warmup,41.344,50324,26.0,ALIVE
warmup,41.844,50824,26.0,ALIVE
warmup,42.344,51324,26.0,ALIVE
warmup,42.844,51824,26.0,ALIVE
warmup,43.344,52324,26.0,ALIVE
warmup,43.844,52824,26.0,ALIVE
warmup,44.344,53324,26.0,ALIVE
warmup,44.844,53824,26.0,ALIVE
warmup,45.344,54324,26.0,ALIVE
warmup,45.844,54824,26.0,ALIVE
warmup,46.344,55324,26.0,ALIVE
warmup,46.844,55824,26.0,ALIVE
warmup,47.345,56325,26.0,ALIVE
warmup,47.844,56824,26.0,ALIVE
warmup,48.344,57324,26.0,ALIVE
warmup,48.844,57824,26.0,ALIVE
warmup,49.344,58324,26.0,ALIVE
warmup,49.844,58824,26.0,ALIVE
warmup,50.344,59324,26.0,ALIVE
warmup,50.844,59824,26.0,ALIVE
warmup,51.344,60324,26.0,ALIVE
warmup,51.846,60824,26.0,ALIVE
warmup,52.344,61324,26.0,ALIVE
warmup,52.844,61824,26.0,ALIVE
warmup,53.344,62324,26.0,ALIVE
warmup,53.844,62824,26.0,ALIVE
warmup,54.344,63324,26.0,ALIVE
warmup,54.844,63824,26.0,ALIVE
warmup,55.344,64324,26.0,ALIVE
warmup,55.844,64824,26.0,ALIVE
warmup,56.344,65324,26.0,ALIVE
warmup,56.844,65824,26.0,ALIVE
warmup,57.344,66324,26.0,ALIVE
warmup,57.844,66824,26.0,ALIVE
warmup,58.344,67324,26.0,ALIVE
warmup,58.844,67824,26.0,ALIVE
warmup,59.344,68324,26.0,ALIVE
warmup,59.844,68824,26.0,ALIVE
warmup,60.344,69324,26.0,ALIVE
warmup,60.844,69824,26.0,ALIVE
warmup,61.344,70324,26.0,ALIVE
warmup,65.679,70824,26.0,ALIVE
warmup,65.679,71324,26.0,ALIVE
warmup,65.68,71824,26.0,ALIVE
warmup,65.68,72324,26.0,ALIVE
warmup,65.681,72824,26.0,ALIVE
warmup,65.681,73324,26.0,ALIVE
warmup,65.682,73824,26.0,ALIVE
warmup,65.682,74324,26.0,ALIVE
warmup,65.845,74824,26.0,ALIVE
warmup,66.344,75324,26.0,ALIVE
warmup,66.844,75824,26.0,ALIVE
warmup,67.345,76325,26.0,ALIVE
warmup,67.847,76826,26.0,ALIVE
warmup,68.346,77325,26.0,ALIVE
warmup,68.845,77825,26.0,ALIVE
warmup,69.346,78325,26.0,ALIVE
warmup,69.845,78825,26.0,ALIVE
warmup,70.345,79325,26.0,ALIVE
warmup,70.846,79825,26.0,ALIVE
warmup,71.345,80325,26.0,ALIVE
warmup,71.846,80825,26.0,ALIVE
warmup,72.345,81325,26.0,ALIVE
warmup,72.846,81825,26.0,ALIVE
warmup,73.347,82327,26.0,ALIVE
warmup,73.847,82827,26.0,ALIVE
warmup,74.345,83325,26.0,ALIVE
warmup,74.846,83825,26.0,ALIVE
warmup,75.345,84325,26.0,ALIVE
warmup,75.845,84825,26.0,ALIVE
warmup,76.346,85325,26.0,ALIVE
warmup,76.846,85825,26.0,ALIVE
warmup,77.345,86325,26.0,ALIVE
warmup,77.845,86825,26.0,ALIVE
warmup,78.345,87325,26.0,ALIVE
warmup,78.845,87825,26.0,ALIVE
warmup,79.345,88325,26.0,ALIVE
warmup,79.845,88825,26.0,ALIVE
warmup,80.345,89325,26.0,ALIVE
warmup,80.85,89829,26.0,ALIVE
warmup,81.346,90325,26.0,ALIVE
warmup,81.845,90825,26.0,ALIVE
warmup,82.346,91325,26.0,ALIVE
warmup,82.847,91827,26.0,ALIVE
warmup,83.345,92325,26.0,ALIVE
warmup,83.846,92825,26.0,ALIVE
warmup,84.346,93325,26.0,ALIVE
warmup,84.846,93826,26.0,ALIVE
warmup,85.345,94325,26.0,ALIVE
warmup,85.845,94825,26.0,ALIVE
warmup,86.346,95325,26.0,ALIVE
warmup,86.845,95825,26.0,ALIVE
warmup,87.346,96325,26.0,ALIVE
warmup,87.846,96825,26.0,ALIVE
warmup,88.346,97325,26.0,ALIVE
warmup,88.846,97825,26.0,ALIVE
warmup,89.346,98325,26.0,ALIVE
warmup,89.846,98825,26.0,ALIVE
warmup,90.346,99325,26.0,ALIVE
warmup,90.846,99825,26.0,ALIVE
warmup,91.346,100325,26.0,ALIVE
warmup,91.846,100825,26.0,ALIVE
warmup,92.347,101327,26.0,ALIVE
warmup,92.847,101826,26.0,ALIVE
warmup,93.347,102326,26.0,ALIVE
warmup,93.846,102826,26.0,ALIVE
warmup,94.347,103326,26.0,ALIVE
warmup,94.846,103826,26.0,ALIVE
warmup,95.347,104326,26.0,ALIVE
warmup,95.847,104826,26.0,ALIVE
warmup,96.347,105326,26.0,ALIVE
warmup,96.847,105826,26.0,ALIVE
warmup,97.347,106326,26.0,ALIVE
warmup,97.847,106826,26.0,ALIVE
warmup,98.347,107326,26.0,ALIVE
warmup,98.847,107826,26.0,ALIVE
warmup,99.347,108326,26.0,ALIVE
warmup,99.847,108826,26.0,ALIVE
warmup,100.347,109326,26.0,ALIVE
warmup,100.847,109826,26.0,ALIVE
warmup,101.347,110326,26.0,ALIVE
warmup,101.847,110826,26.0,ALIVE
warmup,102.347,111326,26.0,ALIVE
warmup,102.848,111827,26.0,ALIVE
warmup,103.347,112326,26.0,ALIVE
warmup,103.847,112826,26.0,ALIVE
warmup,104.347,113326,26.0,ALIVE
warmup,104.847,113826,26.0,ALIVE
warmup,105.347,114326,26.0,ALIVE
warmup,105.847,114826,26.0,ALIVE
warmup,106.347,115326,26.0,ALIVE
warmup,106.847,115826,26.0,ALIVE
warmup,107.347,116326,26.0,ALIVE
warmup,107.847,116826,26.0,ALIVE
warmup,108.347,117326,26.0,ALIVE
warmup,108.847,117826,26.0,ALIVE
warmup,109.347,118326,26.0,ALIVE
warmup,109.847,118826,26.0,ALIVE
warmup,110.347,119326,26.0,ALIVE
warmup,110.853,119832,26.0,ALIVE
warmup,111.347,120326,26.0,ALIVE
warmup,111.847,120826,26.0,ALIVE
warmup,112.347,121326,26.0,ALIVE
warmup,112.847,121826,26.0,ALIVE
warmup,113.347,122326,26.0,ALIVE
warmup,113.847,122826,26.0,ALIVE
warmup,114.347,123326,26.0,ALIVE
warmup,114.847,123826,26.0,ALIVE
warmup,115.347,124326,26.0,ALIVE
warmup,115.847,124826,26.0,ALIVE
warmup,116.347,125326,26.0,ALIVE
warmup,116.847,125826,26.0,ALIVE
warmup,117.347,126326,26.0,ALIVE
warmup,117.847,126826,26.0,ALIVE
warmup,118.347,127326,26.0,ALIVE
warmup,118.847,127826,26.0,ALIVE
warmup,119.347,128326,26.0,ALIVE
warmup,119.847,128826,26.0,ALIVE
warmup,120.347,129326,26.0,ALIVE
warmup,120.847,129826,26.0,ALIVE
warmup,125.348,130326,26.0,ALIVE
warmup,125.349,130827,26.0,ALIVE
warmup,125.35,131326,26.0,ALIVE
warmup,125.351,131826,26.0,ALIVE
warmup,125.353,132326,26.0,ALIVE
warmup,125.355,132826,26.0,ALIVE
warmup,125.356,133326,26.0,ALIVE
warmup,125.358,133826,26.0,ALIVE
warmup,125.359,134326,26.0,ALIVE
warmup,125.849,134828,25.5,ALIVE
warmup,126.347,135326,25.5,ALIVE
warmup,126.847,135826,26.0,ALIVE
warmup,127.347,136326,25.5,ALIVE
warmup,127.847,136826,25.5,ALIVE
warmup,128.347,137326,25.5,ALIVE
warmup,128.847,137826,25.5,ALIVE
warmup,129.347,138326,25.5,ALIVE
warmup,129.847,138826,25.5,ALIVE
warmup,130.347,139326,25.5,ALIVE
warmup,130.847,139826,25.5,ALIVE
warmup,131.347,140326,25.5,ALIVE
warmup,131.847,140826,25.5,ALIVE
warmup,132.347,141326,25.5,ALIVE
warmup,132.847,141826,25.5,ALIVE
warmup,133.347,142326,25.5,ALIVE
warmup,133.847,142826,25.5,ALIVE
warmup,134.347,143326,25.5,ALIVE
warmup,134.848,143826,25.5,ALIVE
warmup,135.347,144326,25.5,ALIVE
warmup,135.847,144826,25.5,ALIVE
warmup,136.347,145326,25.5,ALIVE
warmup,136.847,145826,25.5,ALIVE
warmup,137.348,146326,25.5,ALIVE
warmup,137.847,146826,25.5,ALIVE
warmup,138.347,147326,25.5,ALIVE
warmup,138.847,147826,25.5,ALIVE
warmup,139.348,148327,25.5,ALIVE
warmup,139.847,148826,25.5,ALIVE
warmup,140.347,149326,25.5,ALIVE
warmup,140.847,149826,25.5,ALIVE
warmup,141.347,150326,25.5,ALIVE
warmup,141.847,150826,25.5,ALIVE
warmup,142.347,151326,25.5,ALIVE
warmup,142.847,151826,25.5,ALIVE
warmup,143.347,152326,25.5,ALIVE
warmup,143.847,152826,25.5,ALIVE
warmup,144.347,153326,25.5,ALIVE
warmup,144.847,153826,25.5,ALIVE
warmup,145.348,154327,25.5,ALIVE
warmup,145.848,154826,25.5,ALIVE
warmup,146.347,155326,25.5,ALIVE
warmup,146.847,155826,25.5,ALIVE
warmup,147.347,156326,25.5,ALIVE
warmup,147.848,156826,25.5,ALIVE
warmup,148.347,157326,25.5,ALIVE
warmup,148.847,157826,25.5,ALIVE
warmup,149.347,158326,25.5,ALIVE
warmup,149.847,158826,25.5,ALIVE
warmup,150.347,159326,25.5,ALIVE
warmup,150.847,159826,25.5,ALIVE
warmup,151.347,160326,25.5,ALIVE
warmup,151.848,160827,25.5,ALIVE
warmup,152.347,161326,25.5,ALIVE
warmup,152.847,161826,25.5,ALIVE
warmup,153.347,162326,25.5,ALIVE
warmup,153.847,162826,25.5,ALIVE
warmup,154.347,163326,25.5,ALIVE
warmup,154.847,163826,25.5,ALIVE
warmup,155.347,164326,25.5,ALIVE
warmup,155.847,164826,25.5,ALIVE
warmup,156.347,165326,25.5,ALIVE
warmup,156.848,165826,25.5,ALIVE
warmup,157.348,166327,25.5,ALIVE
warmup,157.847,166826,25.5,ALIVE
warmup,158.347,167326,25.5,ALIVE
warmup,158.847,167826,25.5,ALIVE
warmup,159.347,168326,25.5,ALIVE
warmup,159.847,168826,25.5,ALIVE
warmup,160.347,169326,25.5,ALIVE
warmup,160.848,169826,25.5,ALIVE
warmup,161.347,170326,25.5,ALIVE
warmup,161.847,170826,25.5,ALIVE
warmup,162.347,171326,25.5,ALIVE
warmup,162.85,171828,25.5,ALIVE
warmup,163.347,172326,25.5,ALIVE
warmup,163.847,172826,25.5,ALIVE
warmup,164.347,173326,25.5,ALIVE
warmup,164.847,173826,25.5,ALIVE
warmup,165.347,174326,25.5,ALIVE
warmup,165.847,174826,25.5,ALIVE
warmup,166.347,175326,25.5,ALIVE
warmup,166.847,175826,25.5,ALIVE
warmup,167.348,176326,25.5,ALIVE
warmup,167.849,176827,25.5,ALIVE
warmup,168.347,177326,25.5,ALIVE
warmup,168.847,177826,25.5,ALIVE
warmup,169.347,178326,25.5,ALIVE
warmup,169.847,178826,25.5,ALIVE
warmup,170.348,179327,25.5,ALIVE
warmup,170.848,179826,25.5,ALIVE
warmup,171.347,180326,25.5,ALIVE
warmup,171.847,180826,25.5,ALIVE
warmup,172.348,181326,25.5,ALIVE
warmup,172.848,181826,25.5,ALIVE
warmup,173.347,182326,25.5,ALIVE
warmup,173.847,182826,25.5,ALIVE
warmup,174.349,183327,25.5,ALIVE
warmup,174.849,183827,25.5,ALIVE
warmup,175.347,184326,25.5,ALIVE
warmup,175.848,184826,25.5,ALIVE
warmup,176.348,185326,25.5,ALIVE
warmup,176.848,185826,25.5,ALIVE
warmup,177.347,186326,25.5,ALIVE
warmup,177.847,186826,25.5,ALIVE
warmup,178.348,187326,25.5,ALIVE
warmup,178.848,187826,25.5,ALIVE
warmup,179.347,188326,25.5,ALIVE
warmup,179.848,188826,25.5,ALIVE
warmup,180.348,189326,25.5,ALIVE
warmup,180.847,189826,25.5,ALIVE
warmup,181.348,190326,25.5,ALIVE
warmup,185.803,190826,25.5,ALIVE
warmup,185.804,191326,25.5,ALIVE
warmup,185.805,191827,25.5,ALIVE
warmup,185.806,192326,25.5,ALIVE
warmup,185.807,192827,25.5,ALIVE
warmup,185.809,193326,25.5,ALIVE
warmup,185.81,193827,25.5,ALIVE
warmup,185.811,194326,25.5,ALIVE
warmup,185.848,194826,25.5,ALIVE
warmup,186.348,195326,25.5,ALIVE
warmup,186.848,195826,25.5,ALIVE
warmup,187.348,196326,25.5,ALIVE
warmup,187.848,196826,25.5,ALIVE
warmup,188.348,197326,25.5,ALIVE
warmup,188.847,197826,25.5,ALIVE
warmup,189.348,198326,25.5,ALIVE
warmup,189.847,198826,25.5,ALIVE
warmup,190.347,199326,25.5,ALIVE
warmup,190.848,199826,25.5,ALIVE
warmup,191.348,200326,25.0,ALIVE
warmup,191.847,200826,25.5,ALIVE
warmup,192.348,201326,25.5,ALIVE
warmup,192.847,201826,25.5,ALIVE
warmup,193.349,202327,25.5,ALIVE
warmup,193.847,202826,25.5,ALIVE
warmup,194.348,203326,25.5,ALIVE
warmup,194.848,203826,25.5,ALIVE
warmup,195.348,204326,25.5,ALIVE
warmup,195.848,204826,25.0,ALIVE
warmup,196.348,205326,25.5,ALIVE
warmup,196.849,205827,25.0,ALIVE
warmup,197.348,206326,25.5,ALIVE
warmup,197.85,206828,25.0,ALIVE
warmup,198.348,207326,25.0,ALIVE
warmup,198.848,207826,25.0,ALIVE
warmup,199.348,208326,25.5,ALIVE
warmup,199.848,208826,25.0,ALIVE
warmup,200.348,209326,25.0,ALIVE
warmup,200.848,209826,25.0,ALIVE
warmup,201.347,210326,25.0,ALIVE
warmup,201.847,210826,25.0,ALIVE
warmup,202.349,211327,25.0,ALIVE
warmup,202.851,211829,25.0,ALIVE
warmup,203.349,212327,25.0,ALIVE
warmup,203.849,212827,25.0,ALIVE
warmup,204.349,213327,25.0,ALIVE
warmup,204.85,213829,25.0,ALIVE
warmup,205.348,214327,25.0,ALIVE
warmup,205.849,214827,25.0,ALIVE
warmup,206.35,215328,25.0,ALIVE
warmup,206.849,215827,25.0,ALIVE
warmup,207.349,216327,25.0,ALIVE
warmup,207.849,216827,25.0,ALIVE
warmup,208.349,217327,25.0,ALIVE
warmup,208.849,217827,25.0,ALIVE
warmup,209.349,218327,25.0,ALIVE
warmup,209.849,218827,25.0,ALIVE
warmup,210.349,219327,25.0,ALIVE
warmup,210.849,219827,25.0,ALIVE
warmup,211.349,220327,25.0,ALIVE
warmup,211.848,220827,25.0,ALIVE
warmup,212.349,221327,25.0,ALIVE
warmup,212.849,221827,25.0,ALIVE
warmup,213.349,222327,25.0,ALIVE
warmup,213.849,222827,25.0,ALIVE
warmup,214.348,223327,25.0,ALIVE
warmup,214.848,223827,25.0,ALIVE
warmup,215.349,224327,25.0,ALIVE
warmup,215.849,224827,25.0,ALIVE
warmup,216.349,225327,25.0,ALIVE
warmup,216.849,225827,25.0,ALIVE
warmup,217.348,226327,25.0,ALIVE
warmup,217.849,226827,25.0,ALIVE
warmup,218.349,227327,25.0,ALIVE
warmup,218.849,227827,25.0,ALIVE
warmup,219.349,228327,25.0,ALIVE
warmup,219.848,228827,25.0,ALIVE
warmup,220.349,229327,25.0,ALIVE
warmup,220.848,229827,25.0,ALIVE
warmup,221.349,230327,25.0,ALIVE
warmup,221.849,230827,25.0,ALIVE
warmup,222.349,231327,25.0,ALIVE
warmup,222.849,231827,25.0,ALIVE
warmup,223.349,232327,25.0,ALIVE
warmup,223.849,232827,25.0,ALIVE
warmup,224.349,233327,25.0,ALIVE
warmup,224.849,233827,25.0,ALIVE
warmup,225.348,234327,25.0,ALIVE
warmup,225.849,234827,25.0,ALIVE
warmup,226.349,235327,25.0,ALIVE
warmup,226.849,235827,25.0,ALIVE
warmup,227.348,236327,25.0,ALIVE
warmup,227.85,236828,25.0,ALIVE
warmup,228.349,237327,25.0,ALIVE
warmup,228.849,237827,25.0,ALIVE
warmup,229.349,238327,25.0,ALIVE
warmup,229.849,238827,25.0,ALIVE
warmup,230.349,239327,25.0,ALIVE
warmup,230.85,239828,25.0,ALIVE
warmup,231.349,240327,25.0,ALIVE
warmup,231.849,240827,25.0,ALIVE
warmup,232.349,241327,25.0,ALIVE
warmup,232.849,241827,25.0,ALIVE
warmup,233.349,242327,25.0,ALIVE
warmup,233.849,242827,25.0,ALIVE
warmup,234.349,243327,25.0,ALIVE
warmup,234.849,243827,25.0,ALIVE
warmup,235.349,244327,25.0,ALIVE
warmup,235.849,244827,25.0,ALIVE
warmup,236.349,245327,25.0,ALIVE
warmup,236.849,245827,25.0,ALIVE
warmup,237.349,246327,25.0,ALIVE
warmup,237.849,246827,25.0,ALIVE
warmup,238.349,247327,25.0,ALIVE
warmup,238.849,247827,25.0,ALIVE
warmup,239.349,248327,25.0,ALIVE
warmup,239.849,248828,25.0,ALIVE
warmup,240.349,249327,25.0,ALIVE
warmup,244.758,249827,25.0,ALIVE
warmup,244.76,250327,25.0,ALIVE
warmup,244.761,250827,25.0,ALIVE
warmup,244.762,251327,25.0,ALIVE
warmup,244.764,251828,25.0,ALIVE
warmup,244.765,252327,25.0,ALIVE
warmup,244.766,252827,25.0,ALIVE
warmup,244.767,253327,25.0,ALIVE
warmup,244.849,253827,25.0,ALIVE
warmup,245.349,254327,25.0,ALIVE
warmup,245.849,254827,25.0,ALIVE
warmup,246.349,255327,25.0,ALIVE
warmup,246.849,255827,25.0,ALIVE
warmup,247.349,256327,25.0,ALIVE
warmup,247.849,256827,25.0,ALIVE
warmup,248.352,257330,25.0,ALIVE
warmup,248.849,257827,25.0,ALIVE
warmup,249.349,258327,25.0,ALIVE
warmup,249.849,258827,25.0,ALIVE
warmup,250.349,259327,25.0,ALIVE
warmup,250.849,259827,25.0,ALIVE
warmup,251.349,260327,25.0,ALIVE
warmup,251.849,260827,25.0,ALIVE
warmup,252.35,261327,25.0,ALIVE
warmup,252.849,261827,25.0,ALIVE
warmup,253.349,262327,25.0,ALIVE
warmup,253.849,262827,25.0,ALIVE
warmup,254.349,263327,25.0,ALIVE
warmup,254.849,263827,25.0,ALIVE
warmup,255.349,264327,25.0,ALIVE
warmup,255.849,264827,25.0,ALIVE
warmup,256.349,265327,25.0,ALIVE
warmup,256.849,265827,25.0,ALIVE
warmup,257.35,266328,25.0,ALIVE
warmup,257.849,266827,25.0,ALIVE
warmup,258.349,267327,25.0,ALIVE
warmup,258.849,267827,25.0,ALIVE
warmup,259.349,268327,25.0,ALIVE
warmup,259.849,268827,25.0,ALIVE
warmup,260.349,269327,25.0,ALIVE
warmup,260.849,269827,25.0,ALIVE
warmup,261.349,270327,25.0,ALIVE
warmup,261.849,270827,25.0,ALIVE
warmup,262.349,271327,25.0,ALIVE
warmup,262.849,271827,25.0,ALIVE
warmup,263.349,272327,25.0,ALIVE
warmup,263.852,272830,25.0,ALIVE
warmup,264.351,273329,25.0,ALIVE
warmup,264.851,273829,25.0,ALIVE
warmup,265.351,274329,25.0,ALIVE
warmup,265.851,274829,25.0,ALIVE
warmup,266.351,275329,25.0,ALIVE
warmup,266.851,275829,25.0,ALIVE
warmup,267.351,276329,25.0,ALIVE
warmup,267.851,276829,25.0,ALIVE
warmup,268.351,277329,25.0,ALIVE
warmup,268.851,277829,25.0,ALIVE
warmup,269.351,278329,25.0,ALIVE
warmup,269.851,278829,25.0,ALIVE
warmup,270.351,279329,24.5,ALIVE
warmup,270.851,279829,24.5,ALIVE
warmup,271.351,280329,24.5,ALIVE
warmup,276.093,280829,24.5,ALIVE
warmup,276.093,281329,24.5,ALIVE
warmup,276.094,281829,24.5,ALIVE
warmup,276.094,282329,24.5,ALIVE
warmup,276.094,282832,24.5,ALIVE
warmup,276.095,283329,24.5,ALIVE
warmup,276.099,283829,24.5,ALIVE
warmup,276.104,284329,24.5,ALIVE
warmup,276.108,284829,24.5,ALIVE
warmup,276.351,285329,24.5,ALIVE
warmup,276.851,285829,24.5,ALIVE
warmup,277.351,286329,24.5,ALIVE
warmup,277.851,286829,24.5,ALIVE
warmup,278.351,287329,24.5,ALIVE
warmup,278.851,287829,24.5,ALIVE
warmup,279.351,288329,24.5,ALIVE
warmup,279.851,288829,24.5,ALIVE
warmup,280.351,289329,24.5,ALIVE
warmup,280.851,289829,24.5,ALIVE
warmup,281.351,290329,24.5,ALIVE
warmup,281.851,290829,24.5,ALIVE
warmup,282.351,291329,24.5,ALIVE
warmup,282.851,291829,24.5,ALIVE
warmup,283.351,292329,24.5,ALIVE
warmup,283.851,292829,24.5,ALIVE
warmup,284.352,293329,24.5,ALIVE
warmup,284.851,293829,24.5,ALIVE
warmup,285.351,294329,24.5,ALIVE
warmup,285.851,294829,24.5,ALIVE
warmup,286.351,295329,24.5,ALIVE
warmup,286.851,295829,24.5,ALIVE
warmup,287.351,296329,24.5,ALIVE
warmup,287.851,296829,24.5,ALIVE
warmup,288.352,297329,24.5,ALIVE
warmup,288.851,297829,24.5,ALIVE
warmup,289.351,298329,24.5,ALIVE
warmup,289.851,298829,24.5,ALIVE
warmup,290.351,299329,24.5,ALIVE
warmup,290.851,299829,24.5,ALIVE
warmup,291.351,300329,24.5,ALIVE
warmup,295.812,300829,24.5,ALIVE
warmup,295.813,301329,24.5,ALIVE
warmup,295.813,301829,24.5,ALIVE
warmup,295.814,302329,24.5,ALIVE
warmup,295.816,302830,24.5,ALIVE
warmup,295.817,303330,24.5,ALIVE
warmup,295.819,303830,24.5,ALIVE
warmup,295.82,304330,24.5,ALIVE
warmup,295.852,304830,24.5,ALIVE
warmup,296.352,305330,24.5,ALIVE
warmup,296.852,305830,24.5,ALIVE
warmup,297.352,306330,24.5,ALIVE
warmup,297.852,306830,24.5,ALIVE
warmup,298.352,307330,24.5,ALIVE
warmup,298.852,307830,24.5,ALIVE
warmup,299.352,308330,24.5,ALIVE
warmup,299.853,308830,24.5,ALIVE
warmup,300.353,309330,24.5,ALIVE
base-1,0.5,309830,24.5,ALIVE
base-1,0.999,310330,24.5,ALIVE
base-1,1.499,310830,24.5,ALIVE
base-1,1.999,311330,24.5,ALIVE
base-1,2.499,311830,24.5,ALIVE
1,0.002,312330,24.5,ALIVE
1,0.003,312830,24.5,ALIVE
1,0.004,313330,24.5,ALIVE
1,0.005,313830,24.5,ALIVE
1,0.006,314330,24.5,ALIVE
1,0.007,314830,24.5,ALIVE
1,0.008,315330,24.5,ALIVE
1,0.01,315830,24.5,ALIVE
1,0.011,316330,24.5,ALIVE
1,0.012,316830,24.5,ALIVE
1,0.013,317330,25.0,ALIVE
1,0.014,317830,25.5,ALIVE
1,0.015,318330,25.5,ALIVE
1,0.016,318830,25.5,ALIVE
1,0.017,319330,25.5,ALIVE
1,0.018,319830,25.5,ALIVE
1,0.019,320330,25.5,ALIVE
1,0.02,320830,25.5,ALIVE
1,0.021,321330,25.5,ALIVE
1,0.022,321830,26.0,ALIVE
1,0.023,322330,26.0,ALIVE
1,0.024,322830,26.0,ALIVE
1,0.025,323330,26.0,ALIVE
1,0.026,323830,26.0,ALIVE
1,0.027,324330,26.0,ALIVE
1,0.028,324830,26.0,ALIVE
1,0.029,325330,26.0,ALIVE
1,0.03,325830,26.0,ALIVE
1,0.031,326330,26.0,ALIVE
1,0.032,326830,26.0,ALIVE
1,0.033,327330,26.0,ALIVE
1,0.034,327830,26.0,ALIVE
1,0.034,328330,26.0,ALIVE
1,0.035,328830,26.0,ALIVE
1,0.036,329330,26.0,ALIVE
1,0.037,329830,26.0,ALIVE
1,0.038,330330,26.0,ALIVE
1,0.039,330830,26.0,ALIVE
1,0.04,331330,26.0,ALIVE
1,0.041,331830,26.5,ALIVE
1,0.042,332330,28.0,ALIVE
1,0.043,332833,30.0,ALIVE
1,0.044,333331,31.5,ALIVE
1,0.422,333831,33.5,ALIVE
1,0.923,334331,35.5,ALIVE
1,1.423,334831,37.5,ALIVE
1,1.923,335331,39.5,ALIVE
1,2.424,335833,41.5,ALIVE
1,2.923,336331,44.0,ALIVE
1,3.423,336831,46.0,ALIVE
1,3.923,337331,48.0,ALIVE
1,4.423,337831,50.5,ALIVE
1,4.923,338331,52.5,ALIVE
1,5.423,338831,54.5,ALIVE
1,5.923,339331,56.5,ALIVE
1,6.423,339832,59.0,ALIVE
1,6.923,340332,61.0,ALIVE
1,7.423,340832,63.0,ALIVE
1,7.923,341332,65.0,ALIVE
1,8.423,341832,67.0,ALIVE
1,8.923,342332,69.0,ALIVE
1,9.423,342832,71.0,ALIVE
1,9.923,343332,73.0,ALIVE
1,10.424,343832,74.5,ALIVE
1,10.923,344332,76.5,ALIVE
1,11.424,344832,78.0,ALIVE
1,11.923,345332,79.5,ALIVE
1,12.423,345832,81.0,ALIVE
1-cool,0.003,346332,83.0,DEAD
1-cool,0.004,346832,83.5,DEAD
1-cool,0.005,347332,84.5,DEAD
1-cool,0.007,347832,85.0,DEAD
1-cool,0.008,348332,85.5,DEAD
1-cool,0.009,348832,86.0,DEAD
1-cool,0.01,349332,86.5,DEAD
1-cool,0.012,349832,87.0,DEAD
1-cool,0.013,350332,87.0,DEAD
1-cool,0.014,350832,87.5,DEAD
1-cool,0.015,351332,87.5,DEAD
1-cool,0.017,351832,87.5,DEAD
1-cool,0.018,352332,88.0,DEAD
1-cool,0.019,352832,88.0,DEAD
1-cool,0.02,353332,88.0,DEAD
1-cool,0.021,353832,88.0,DEAD
1-cool,0.022,354332,88.0,DEAD
1-cool,0.024,354832,87.5,DEAD
1-cool,0.025,355332,87.5,DEAD
1-cool,0.026,355834,87.5,DEAD
1-cool,0.027,356333,87.0,DEAD
1-cool,0.029,356833,87.0,DEAD
1-cool,0.03,357333,87.0,DEAD
1-cool,0.031,357833,86.5,DEAD
1-cool,0.032,358333,86.0,DEAD
1-cool,0.034,358833,86.0,DEAD
1-cool,0.409,359333,85.5,DEAD
1-cool,0.909,359833,85.0,DEAD
1-cool,1.409,360333,85.0,DEAD
1-cool,1.909,360833,84.5,DEAD
1-cool,2.409,361333,84.0,DEAD
1-cool,2.909,361833,83.5,DEAD
1-cool,3.41,362334,83.5,DEAD
1-cool,3.909,362833,83.0,DEAD
1-cool,4.409,363333,82.5,DEAD
1-cool,4.909,363833,82.0,DEAD
1-cool,5.411,364335,81.5,DEAD
1-cool,5.909,364833,81.5,DEAD
1-cool,6.409,365333,81.0,DEAD
1-cool,6.909,365833,81.0,DEAD
1-cool,7.409,366333,80.5,DEAD
1-cool,7.909,366833,80.0,DEAD
1-cool,8.409,367333,79.5,DEAD
1-cool,8.909,367833,79.0,DEAD
1-cool,9.409,368333,79.0,DEAD
1-cool,9.909,368833,78.5,DEAD
1-cool,10.409,369333,78.0,DEAD
1-cool,10.909,369833,77.5,DEAD
1-cool,11.409,370333,77.5,DEAD
1-cool,11.909,370833,77.0,DEAD
1-cool,12.409,371333,76.5,DEAD
1-cool,12.909,371833,76.5,DEAD
1-cool,13.409,372333,76.0,DEAD
1-cool,13.91,372834,75.5,DEAD
1-cool,14.409,373333,75.5,DEAD
1-cool,14.909,373833,75.0,DEAD
1-cool,15.409,374333,74.5,DEAD
1-cool,15.909,374833,74.0,DEAD
1-cool,16.409,375333,74.0,DEAD
1-cool,16.909,375833,73.5,DEAD
1-cool,17.409,376333,73.0,DEAD
1-cool,17.909,376833,73.0,DEAD
1-cool,18.409,377333,72.5,DEAD
1-cool,18.909,377833,72.0,DEAD
1-cool,19.409,378333,71.5,DEAD
1-cool,19.909,378833,71.0,DEAD
1-cool,20.409,379333,71.0,DEAD
1-cool,20.909,379833,70.5,DEAD
1-cool,21.409,380333,70.0,DEAD
1-cool,21.909,380833,70.0,DEAD
1-cool,22.409,381333,69.5,DEAD
1-cool,22.909,381833,69.0,DEAD
1-cool,23.408,382333,68.5,DEAD
1-cool,23.909,382833,68.0,DEAD
1-cool,24.411,383335,67.5,DEAD
1-cool,24.909,383833,67.0,DEAD
1-cool,25.409,384333,67.0,DEAD
1-cool,25.909,384833,66.5,DEAD
1-cool,26.408,385333,66.0,DEAD
1-cool,26.909,385833,65.0,DEAD
1-cool,27.412,386336,64.0,DEAD
1-cool,27.908,386833,63.0,DEAD
1-cool,28.409,387333,62.0,DEAD
1-cool,28.908,387833,61.0,DEAD
1-cool,29.41,388334,60.0,DEAD
1-cool,29.909,388832,59.0,DEAD
1-cool,30.409,389332,58.0,DEAD
1-cool,30.909,389832,57.0,DEAD
1-cool,31.408,390332,56.0,DEAD
1-cool,31.908,390832,55.0,DEAD
1-cool,32.408,391332,54.0,DEAD
1-cool,32.908,391832,53.5,DEAD
1-cool,33.409,392332,52.5,DEAD
1-cool,33.909,392832,51.5,DEAD
1-cool,34.408,393332,51.0,DEAD
1-cool,34.908,393832,50.0,DEAD
1-cool,35.408,394332,49.5,DEAD
1-cool,35.908,394832,48.5,DEAD
1-cool,36.408,395332,48.0,DEAD
1-cool,36.908,395832,47.0,DEAD
1-cool,37.408,396332,46.5,DEAD
1-cool,37.908,396832,46.0,DEAD
1-cool,38.409,397332,45.5,DEAD
1-cool,38.909,397832,45.0,DEAD
1-cool,39.408,398332,44.0,DEAD
1-cool,39.909,398833,43.5,DEAD
1-cool,40.408,399332,43.0,DEAD
1-cool,40.91,399834,42.0,DEAD
1-cool,41.408,400332,41.5,DEAD
1-cool,41.908,400832,41.0,DEAD
1-cool,42.408,401332,40.5,DEAD
1-cool,42.908,401832,40.0,DEAD
1-cool,43.409,402333,39.5,DEAD
1-cool,43.908,402832,39.0,DEAD
1-cool,44.408,403332,38.5,DEAD
1-cool,44.91,403834,38.0,DEAD
1-cool,45.408,404332,37.5,DEAD
1-cool,45.908,404832,37.0,DEAD
1-cool,46.408,405332,36.5,DEAD
1-cool,46.909,405833,36.0,DEAD
1-cool,47.409,406332,36.0,DEAD
1-cool,47.908,406832,36.0,DEAD
1-cool,48.408,407332,35.5,DEAD
1-cool,48.908,407832,35.5,DEAD
1-cool,49.408,408332,35.5,DEAD
1-cool,49.909,408833,35.5,DEAD
1-cool,50.409,409333,35.0,DEAD
1-cool,50.909,409833,35.0,DEAD
1-cool,51.409,410333,34.5,DEAD
1-cool,51.909,410833,34.5,DEAD
1-cool,52.409,411333,34.0,DEAD
1-cool,52.909,411833,34.0,DEAD
1-cool,53.409,412333,33.5,DEAD
1-cool,53.912,412836,33.0,DEAD
1-cool,54.412,413335,32.5,DEAD
1-cool,54.911,413835,32.5,DEAD
1-cool,55.411,414335,32.0,DEAD
1-cool,55.911,414835,32.0,DEAD
1-cool,56.411,415335,31.5,DEAD
1-cool,56.911,415835,31.5,DEAD
1-cool,57.411,416335,31.5,DEAD
1-cool,57.911,416835,31.0,DEAD
1-cool,58.411,417335,31.0,DEAD
1-cool,58.911,417835,30.5,DEAD
1-cool,59.411,418335,30.5,DEAD
1-cool,59.911,418835,30.0,DEAD
1-cool,60.411,419335,30.0,DEAD
1-cool,60.916,419840,29.5,DEAD
1-cool,61.411,420335,29.5,DEAD
1-cool,61.911,420835,29.5,DEAD
1-cool,62.411,421335,29.0,DEAD
1-cool,62.911,421835,29.0,DEAD
1-cool,63.411,422335,28.5,DEAD
1-cool,63.911,422835,28.5,DEAD
1-cool,64.411,423335,28.5,DEAD
1-cool,64.911,423835,28.5,DEAD
1-cool,65.411,424335,28.0,DEAD
1-cool,65.911,424835,28.0,DEAD
1-cool,66.411,425335,28.0,DEAD
1-cool,66.911,425835,27.5,DEAD
1-cool,67.411,426335,27.5,DEAD
1-cool,67.911,426835,27.5,DEAD
1-cool,68.411,427335,27.0,DEAD
1-cool,68.911,427835,27.0,DEAD
1-cool,69.411,428335,27.0,DEAD
1-cool,69.911,428835,27.0,DEAD
1-cool,70.411,429335,27.0,DEAD
1-cool,70.911,429835,26.5,DEAD
1-cool,71.411,430335,26.5,DEAD
regrip,0.029,822,26.0,ALIVE
regrip,0.03,1322,26.0,ALIVE
regrip,0.032,1822,26.0,ALIVE
regrip,0.033,2322,26.0,ALIVE
regrip,0.034,2822,26.0,ALIVE
regrip,0.035,3322,26.0,ALIVE
regrip,0.036,3822,25.5,ALIVE
regrip,0.038,4322,25.5,ALIVE
regrip,0.039,4822,25.5,ALIVE
regrip,0.04,5322,25.5,ALIVE
regrip,0.041,5822,25.5,ALIVE
regrip,0.043,6322,25.5,ALIVE
regrip,0.044,6822,25.5,ALIVE
regrip,0.319,7322,25.5,ALIVE
regrip,0.819,7822,25.5,ALIVE
regrip,1.319,8322,25.5,ALIVE
regrip,1.819,8822,25.5,ALIVE
regrip,2.319,9322,25.0,ALIVE
regrip,2.819,9822,25.0,ALIVE
regrip,3.321,10323,25.0,ALIVE
regrip,3.82,10823,25.0,ALIVE
regrip,4.32,11322,25.0,ALIVE
regrip,4.819,11822,25.0,ALIVE
regrip,5.32,12322,25.0,ALIVE
regrip,5.82,12822,25.0,ALIVE
regrip,6.319,13322,25.0,ALIVE
regrip,6.82,13822,25.0,ALIVE
regrip,7.319,14322,25.0,ALIVE
regrip,7.82,14822,25.0,ALIVE
regrip,8.321,15323,25.0,ALIVE
regrip,8.819,15822,25.0,ALIVE
regrip,9.32,16322,25.0,ALIVE
regrip,9.819,16822,25.0,ALIVE
regrip,10.32,17322,25.0,ALIVE
regrip,10.819,17822,25.0,ALIVE
regrip,11.32,18322,25.0,ALIVE
regrip,11.82,18822,25.0,ALIVE
regrip,12.321,19323,25.0,ALIVE
regrip,12.821,19823,25.0,ALIVE
regrip,13.32,20322,25.0,ALIVE
regrip,13.819,20822,25.0,ALIVE
regrip,14.32,21322,25.0,ALIVE
regrip,14.819,21822,25.0,ALIVE
regrip,15.319,22322,25.0,ALIVE
base-2,0.5,22822,25.0,ALIVE
base-2,1.0,23322,25.0,ALIVE
base-2,1.5,23822,25.0,ALIVE
base-2,2.0,24322,25.0,ALIVE
2,0.001,24822,25.0,ALIVE
2,0.002,25322,25.0,ALIVE
2,0.003,25822,24.5,ALIVE
2,0.004,26322,24.5,ALIVE
2,0.004,26822,24.5,ALIVE
2,0.005,27322,24.5,ALIVE
2,0.006,27822,25.0,ALIVE
2,0.007,28322,24.5,ALIVE
2,0.007,28822,24.5,ALIVE
2,0.008,29322,24.5,ALIVE
2,0.009,29822,24.5,ALIVE
2,0.009,30322,24.5,ALIVE
2,0.01,30822,24.5,ALIVE
2,0.011,31322,24.5,ALIVE
2,0.011,31822,24.5,ALIVE
2,0.012,32322,24.5,ALIVE
2,0.013,32822,24.5,ALIVE
2,0.014,33322,24.5,ALIVE
2,0.015,33822,24.5,ALIVE
2,0.016,34322,24.5,ALIVE
2,0.017,34822,24.5,ALIVE
2,0.017,35322,24.5,ALIVE
2,0.018,35822,24.5,ALIVE
2,0.019,36322,24.5,ALIVE
2,0.019,36822,24.5,ALIVE
2,0.02,37322,24.5,ALIVE
2,0.021,37822,24.5,ALIVE
2,0.022,38322,24.5,ALIVE
2,0.022,38822,24.5,ALIVE
2,0.023,39322,24.5,ALIVE
2,0.023,39822,24.5,ALIVE
2,0.024,40322,24.5,ALIVE
2,0.025,40822,24.5,ALIVE
2,0.025,41322,24.5,ALIVE
2,0.026,41822,24.5,ALIVE
2,0.026,42322,24.5,ALIVE
2,0.027,42822,24.5,ALIVE
2,0.028,43322,24.5,ALIVE
2,0.029,43822,24.5,ALIVE
2,0.03,44322,25.0,ALIVE
2,0.031,44822,26.0,ALIVE
2,0.034,45322,27.0,ALIVE
2,0.035,45822,28.5,ALIVE
2,0.522,46322,30.0,ALIVE
2,1.022,46822,32.0,ALIVE
2,1.522,47322,34.0,ALIVE
2,2.022,47822,36.0,ALIVE
2,2.522,48322,38.0,ALIVE
2,3.022,48822,40.0,ALIVE
2,3.522,49322,42.0,ALIVE
2,4.022,49822,44.0,ALIVE
2,4.522,50322,46.0,ALIVE
2,5.022,50822,48.5,ALIVE
2,5.522,51322,50.5,ALIVE
2,6.022,51822,52.5,ALIVE
2,6.522,52322,55.0,ALIVE
2,7.023,52823,57.0,ALIVE
2,7.522,53322,59.5,ALIVE
2,8.022,53823,61.5,ALIVE
2,8.523,54323,64.0,ALIVE
2,9.022,54823,66.0,ALIVE
2,9.523,55323,68.0,ALIVE
2,10.023,55823,70.0,ALIVE
2,10.523,56323,72.0,ALIVE
2,11.023,56823,74.0,ALIVE
2,11.523,57323,76.0,ALIVE
2,12.023,57823,78.0,ALIVE
2,12.523,58323,80.0,ALIVE
2-cool,0.002,58823,82.0,DEAD
2-cool,0.003,59323,83.0,DEAD
2-cool,0.003,59823,83.5,DEAD
2-cool,0.004,60323,84.5,DEAD
2-cool,0.004,60824,85.0,DEAD
2-cool,0.005,61323,85.5,DEAD
2-cool,0.005,61823,86.0,DEAD
2-cool,0.005,62323,86.5,DEAD
2-cool,0.006,62823,87.0,DEAD
2-cool,0.006,63323,87.0,DEAD
2-cool,0.007,63823,87.5,DEAD
2-cool,0.007,64323,87.5,DEAD
2-cool,0.008,64823,87.5,DEAD
2-cool,0.008,65323,87.5,DEAD
2-cool,0.008,65824,87.5,DEAD
2-cool,0.009,66323,87.5,DEAD
2-cool,0.009,66823,87.5,DEAD
2-cool,0.01,67323,87.5,DEAD
2-cool,0.01,67823,87.5,DEAD
2-cool,0.01,68323,87.0,DEAD
2-cool,0.011,68823,87.0,DEAD
2-cool,0.011,69323,86.5,DEAD
2-cool,0.012,69823,86.5,DEAD
2-cool,0.012,70323,86.0,DEAD
2-cool,0.013,70823,86.0,DEAD
2-cool,0.013,71323,85.5,DEAD
2-cool,0.464,71823,85.5,DEAD
2-cool,0.965,72323,85.0,DEAD
2-cool,1.465,72823,85.0,DEAD
2-cool,1.964,73323,84.5,DEAD
2-cool,2.464,73823,84.0,DEAD
2-cool,2.966,74325,83.5,DEAD
2-cool,3.466,74824,83.0,DEAD
2-cool,3.965,75324,82.5,DEAD
2-cool,4.466,75824,82.0,DEAD
2-cool,4.965,76324,81.5,DEAD
2-cool,5.465,76824,80.5,DEAD
2-cool,5.965,77324,79.0,DEAD
2-cool,6.465,77824,77.5,DEAD
2-cool,6.965,78324,76.5,DEAD
2-cool,7.466,78824,75.0,DEAD
2-cool,7.965,79324,74.0,DEAD
2-cool,8.465,79824,72.5,DEAD
2-cool,8.965,80324,71.0,DEAD
2-cool,9.465,80824,69.5,DEAD
2-cool,9.965,81324,68.0,DEAD
2-cool,10.466,81824,66.5,DEAD
2-cool,10.965,82324,65.0,DEAD
2-cool,11.465,82824,64.0,DEAD
2-cool,11.965,83324,62.5,DEAD
2-cool,12.465,83824,61.5,DEAD
2-cool,12.965,84324,60.5,DEAD
2-cool,13.465,84823,59.0,DEAD
2-cool,13.965,85324,58.0,DEAD
2-cool,14.467,85826,57.0,DEAD
2-cool,14.967,86325,56.0,DEAD
2-cool,15.467,86825,55.0,DEAD
2-cool,15.967,87325,54.0,DEAD
2-cool,16.467,87825,53.0,DEAD
2-cool,16.967,88325,52.0,DEAD
2-cool,17.467,88825,51.0,DEAD
2-cool,17.967,89325,50.0,DEAD
2-cool,18.467,89825,49.0,DEAD
2-cool,18.967,90325,48.0,DEAD
2-cool,19.467,90825,47.0,DEAD
2-cool,19.967,91325,46.5,DEAD
2-cool,20.467,91826,45.5,DEAD
2-cool,20.967,92325,44.5,DEAD
2-cool,21.467,92825,44.0,DEAD
2-cool,21.967,93325,43.0,DEAD
2-cool,22.467,93825,42.5,DEAD
2-cool,22.967,94325,42.0,DEAD
2-cool,23.467,94825,41.0,DEAD
2-cool,23.967,95325,40.5,DEAD
2-cool,24.467,95826,39.5,DEAD
2-cool,24.967,96325,39.0,DEAD
2-cool,25.467,96825,38.5,DEAD
2-cool,25.967,97325,38.0,DEAD
2-cool,26.467,97825,37.5,DEAD
2-cool,26.967,98325,37.0,DEAD
2-cool,27.467,98825,36.5,DEAD
2-cool,27.967,99325,35.5,DEAD
2-cool,28.467,99825,35.0,DEAD
2-cool,28.967,100325,34.5,DEAD
2-cool,29.467,100826,34.0,DEAD
2-cool,29.967,101325,34.0,DEAD
2-cool,30.467,101825,33.5,DEAD
2-cool,30.967,102325,33.0,DEAD
2-cool,31.467,102825,32.5,DEAD
2-cool,31.967,103325,32.0,DEAD
2-cool,32.467,103825,31.5,DEAD
2-cool,32.967,104325,31.5,DEAD
2-cool,33.467,104825,31.0,DEAD
2-cool,33.967,105325,30.5,DEAD
2-cool,34.467,105825,30.5,DEAD
2-cool,34.967,106325,30.0,DEAD
2-cool,35.467,106825,30.0,DEAD
2-cool,35.967,107325,29.5,DEAD
2-cool,36.467,107825,29.0,DEAD
2-cool,36.967,108325,29.0,DEAD
2-cool,37.467,108825,29.0,DEAD
2-cool,37.967,109325,28.5,DEAD
2-cool,38.467,109825,28.5,DEAD
2-cool,38.967,110325,28.0,DEAD
2-cool,39.467,110825,28.0,DEAD
2-cool,39.967,111325,28.0,DEAD
2-cool,40.467,111825,27.5,DEAD
2-cool,40.967,112325,27.5,DEAD
2-cool,41.467,112825,27.5,DEAD
2-cool,41.967,113325,27.0,DEAD
2-cool,42.467,113825,27.0,DEAD
2-cool,42.967,114325,27.0,DEAD
2-cool,43.467,114825,26.5,DEAD
2-cool,43.967,115325,26.5,DEAD
2-cool,44.467,115825,26.5,DEAD
2-cool,44.967,116325,26.5,DEAD
2-cool,45.467,116825,26.0,DEAD
2-cool,45.967,117325,26.0,DEAD
regrip,0.03,877,26.0,ALIVE
regrip,0.031,1376,25.5,ALIVE
regrip,0.032,1876,25.5,ALIVE
regrip,0.033,2376,25.5,ALIVE
regrip,0.035,2876,25.5,ALIVE
regrip,0.036,3376,25.5,ALIVE
regrip,0.037,3876,25.5,ALIVE
regrip,0.038,4376,25.0,ALIVE
regrip,0.039,4876,25.0,ALIVE
regrip,0.04,5376,25.0,ALIVE
regrip,0.041,5876,25.0,ALIVE
regrip,0.042,6376,25.0,ALIVE
regrip,0.044,6880,25.0,ALIVE
regrip,0.369,7376,25.0,ALIVE
regrip,0.869,7876,25.0,ALIVE
regrip,1.368,8376,25.0,ALIVE
regrip,1.869,8876,25.0,ALIVE
regrip,2.369,9376,25.0,ALIVE
regrip,2.869,9876,24.5,ALIVE
regrip,3.37,10377,24.5,ALIVE
regrip,3.87,10877,24.5,ALIVE
regrip,4.37,11377,24.5,ALIVE
regrip,4.87,11877,24.5,ALIVE
regrip,5.37,12377,24.5,ALIVE
regrip,5.87,12877,24.5,ALIVE
regrip,6.37,13377,24.5,ALIVE
regrip,6.87,13877,24.5,ALIVE
regrip,7.37,14377,24.5,ALIVE
regrip,7.87,14877,24.5,ALIVE
regrip,8.37,15377,24.5,ALIVE
regrip,8.87,15877,24.5,ALIVE
regrip,9.371,16378,24.5,ALIVE
regrip,9.87,16877,24.5,ALIVE
regrip,10.37,17377,24.5,ALIVE
regrip,10.87,17877,24.5,ALIVE
regrip,11.37,18377,24.5,ALIVE
regrip,11.87,18877,24.5,ALIVE
regrip,12.37,19377,24.5,ALIVE
regrip,12.87,19877,24.5,ALIVE
regrip,13.37,20377,24.5,ALIVE
regrip,13.87,20877,24.5,ALIVE
regrip,14.37,21377,24.5,ALIVE
regrip,14.87,21877,24.5,ALIVE
regrip,15.37,22377,24.5,ALIVE
base-3,0.5,22877,24.5,ALIVE
base-3,1.0,23377,24.5,ALIVE
base-3,1.5,23877,24.5,ALIVE
base-3,2.0,24377,24.5,ALIVE
base-3,2.5,24877,24.5,ALIVE
3,0.001,25377,24.5,ALIVE
3,0.002,25877,24.5,ALIVE
3,0.003,26377,24.5,ALIVE
3,0.004,26877,24.5,ALIVE
3,0.004,27377,24.5,ALIVE
3,0.005,27877,24.5,ALIVE
3,0.006,28381,24.5,ALIVE
3,0.006,28877,24.5,ALIVE
3,0.007,29377,24.5,ALIVE
3,0.007,29877,24.5,ALIVE
3,0.008,30377,24.5,ALIVE
3,0.009,30877,24.5,ALIVE
3,0.009,31378,24.5,ALIVE
3,0.01,31879,24.5,ALIVE
3,0.011,32379,24.5,ALIVE
3,0.011,32880,24.5,ALIVE
3,0.012,33379,24.5,ALIVE
3,0.012,33879,24.5,ALIVE
3,0.013,34379,24.5,ALIVE
3,0.014,34879,24.5,ALIVE
3,0.014,35379,24.5,ALIVE
3,0.015,35879,24.5,ALIVE
3,0.016,36380,24.5,ALIVE
3,0.017,36879,24.5,ALIVE
3,0.018,37379,24.5,ALIVE
3,0.018,37879,24.5,ALIVE
3,0.019,38379,24.5,ALIVE
3,0.02,38879,24.5,ALIVE
3,0.02,39379,24.5,ALIVE
3,0.021,39879,24.5,ALIVE
3,0.022,40379,24.5,ALIVE
3,0.022,40880,24.5,ALIVE
3,0.023,41379,24.5,ALIVE
3,0.024,41880,24.5,ALIVE
3,0.024,42379,24.5,ALIVE
3,0.025,42879,24.5,ALIVE
3,0.026,43379,24.5,ALIVE
3,0.026,43879,24.5,ALIVE
3,0.027,44379,24.5,ALIVE
3,0.028,44879,24.5,ALIVE
3,0.028,45380,25.0,ALIVE
3,0.029,45879,26.0,ALIVE
3,0.03,46379,27.0,ALIVE
3,0.417,46879,28.0,ALIVE
3,0.92,47382,29.5,ALIVE
3,1.418,47879,30.5,ALIVE
3,1.917,48379,32.0,ALIVE
3,2.417,48879,33.5,ALIVE
3,2.917,49379,35.0,ALIVE
3,3.418,49880,36.5,ALIVE
3,3.918,50380,38.5,ALIVE
3,4.418,50880,40.0,ALIVE
3,4.918,51380,42.0,ALIVE
3,5.418,51880,43.5,ALIVE
3,5.919,52380,45.5,ALIVE
3,6.419,52880,47.0,ALIVE
3,6.918,53380,49.0,ALIVE
3,7.42,53882,51.0,ALIVE
3,7.919,54381,52.5,ALIVE
3,8.418,54880,54.5,ALIVE
3,8.919,55380,56.0,ALIVE
3,9.418,55880,57.5,ALIVE
3,9.919,56380,59.0,ALIVE
3,10.421,56883,61.0,ALIVE
3,10.919,57381,62.5,ALIVE
3,11.419,57881,64.0,ALIVE
3,11.92,58381,65.5,ALIVE
3,12.419,58881,67.0,ALIVE
3,12.919,59381,68.5,ALIVE
3,13.419,59881,70.0,ALIVE
3,13.922,60384,71.5,ALIVE
3,14.419,60881,73.0,ALIVE
3,14.919,61381,74.5,ALIVE
3,15.419,61881,75.5,ALIVE
3,15.92,62382,77.0,ALIVE
3,16.42,62882,78.5,ALIVE
3,16.919,63381,79.5,ALIVE
3,17.421,63881,81.0,ALIVE
